Security Code,Issuer Name,Security Id,Security Name,Status,Group,Face Value,ISIN No,Industry,Instrument
500002,ABB India Limited,ABB,ABB India Limited,Active,A ,2.00,INE117A01022,Heavy Electrical Equipment,Equity,
500003,Aegis Logistics Ltd.,AEGISLOG,AEGIS LOGISTICS LTD.,Active,A ,1.00,INE208C01025,Oil Marketing & Distribution,Equity,
500008,Amara Raja Batteries Ltd,AMARAJABAT,AMARA RAJA BATTERIES LTD.,Active,A ,1.00,INE885A01032,Auto Parts & Equipment,Equity,
500010,Housing Development Finance Corp.Lt,HDFC,HOUSING DEVELOPMENT FINANCE CORP.LTD.,Active,A ,2.00,INE001A01036,Housing Finance ,Equity,
500020,"Bombay Dyeing & Mfg. Co. Ltd.,",BOMDYEING,BOMBAY DYEING & MFG.CO.LTD.,Active,A ,2.00,INE032A01023,Textiles,Equity,
500027,"Atul Limited.,",ATUL,ATUL LTD.,Active,A ,10.00,INE100A01010,Specialty Chemicals,Equity,
500031,"Bajaj Electricals Ltd.,",BAJAJELEC,BAJAJ ELECTRICALS LTD.-$,Active,A ,2.00,INE193E01025,Household Appliances,Equity,
500033,Force Motors Limited,FORCEMOT,FORCE MOTORS LTD.-$,Active,A ,10.00,INE451A01017,Cars & Utility Vehicles,Equity,
500034,Bajaj Finance Limited,BAJFINANCE,Bajaj Finance Limited,Active,A ,2.00,INE296A01024,Finance (including NBFCs),Equity,
500038,Balrampur Chini Mills Ltd.,BALRAMCHIN,BALRAMPUR CHINI MILLS LTD.,Active,A ,1.00,INE119A01028,Sugar,Equity,
500040,"Century Textiles & Industries Ltd.,",CENTURYTEX,CENTURY TEXTILES & INDUSTRIES LTD.,Active,A ,10.00,INE055A01016,Paper & Paper Products,Equity,
500041,"Bannari Amman Sugars Ltd.,",BANARISUG,BANNARI AMMAN SUGARS LTD.,Active,A ,10.00,INE459A01010,Sugar,Equity,
500042,BASF India Ltd,BASF,BASF INDIA LTD.,Active,A ,10.00,INE373A01013,Specialty Chemicals,Equity,
500043,Bata India Limited,BATAINDIA,BATA INDIA LTD.,Active,A ,5.00,INE176A01028,Footwear,Equity,
500048,BEML Ltd,BEML,BEML LTD.,Active,A ,10.00,INE258A01016,Commercial Vehicles,Equity,
500049,"Bharat Electronics Ltd.,",BEL,BHARAT ELECTRONICS LTD.,Active,A ,1.00,INE263A01024,Defence,Equity,
500052,"Bhansali Engineering Polymers Ltd.,",BEPL,BHANSALI ENGINEERING POLYMERS LTD.-$,Active,A ,1.00,INE922A01025,Specialty Chemicals,Equity,
500067,Blue Star Ltd,BLUESTARCO,BLUE STAR LTD.,Active,A ,2.00,INE472A01039,Consumer Electronics,Equity,
500084,"CESC Limited,",CESC,CESC LTD.,Active,A ,10.00,INE486A01013,Electric Utilities,Equity,
500085,Chambal Fertilisers & Chemicals Ltd,CHAMBLFERT,CHAMBAL FERTILISERS & CHEMICALS LTD.,Active,A ,10.00,INE085A01013,Fertilizers,Equity,
500086,"Exide Industries Ltd.,",EXIDEIND,EXIDE INDUSTRIES LTD.,Active,A ,1.00,INE302A01020,Auto Parts & Equipment,Equity,
500087,"Cipla Ltd.,",CIPLA,CIPLA LTD.,Active,A ,2.00,INE059A01026,Pharmaceuticals,Equity,
500092,CRISIL Ltd.,CRISIL,CRISIL LTD.,Active,A ,1.00,INE007A01025,Other Financial Services,Equity,
500096,Dabur India Ltd.,DABUR,DABUR INDIA LTD.,Active,A ,1.00,INE016A01026,Personal Products,Equity,
500097,Dalmia Bharat Sugar and Industries Ltd,DALMIASUG,Dalmia Bharat Sugar and Industries Ltd,Active,A ,2.00,INE495A01022,Sugar,Equity,
500101,"Arvind Ltd.,",ARVIND,ARVIND LTD.,Active,A ,10.00,INE034A01011,Textiles,Equity,
500103,"Bharat Heavy Electricals Ltd.,",BHEL,BHARAT HEAVY ELECTRICALS LTD.,Active,A ,2.00,INE257A01026,Heavy Electrical Equipment,Equity,
500104,Hindustan Petroleum Corporation Ltd,HINDPETRO,HINDUSTAN PETROLEUM CORPORATION LTD.,Active,A ,10.00,INE094A01015,Refineries/ Petro-Products,Equity,
500106,IFCI Ltd.,IFCI,IFCI LTD.,Active,A ,10.00,INE039A01010,Financial Institutions,Equity,
500109,Mangalore Refinery & Petrochemicals,MRPL,MANGALORE REFINERY & PETROCHEMICALS LTD.,Active,A ,10.00,INE103A01014,Refineries/ Petro-Products,Equity,
500110,Chennai Petroleum Corporation Ltd.,CHENNPETRO,CHENNAI PETROLEUM CORPORATION LTD.,Active,A ,10.00,INE178A01016,Refineries/ Petro-Products,Equity,
500112,"State Bank Of India,",SBIN,STATE BANK OF INDIA,Active,A ,1.00,INE062A01020,Banks,Equity,
500113,"Steel Authority of India Ltd.,",SAIL,STEEL AUTHORITY OF INDIA LTD.,Active,A ,10.00,INE114A01011,Iron & Steel/Interm.Products,Equity,
500114,Titan Company Limited,TITAN,Titan Company Limited,Active,A ,1.00,INE280A01028,Other Apparels & Accessories,Equity,
500116,IDBI Bank Ltd,IDBI,IDBI BANK LTD.,Active,A ,10.00,INE008A01015,Banks,Equity,
500119,"Dhampur Sugar Mills Ltd.,",DHAMPURSUG,DHAMPUR SUGAR MILLS LTD.,Active,A ,10.00,INE041A01016,Sugar,Equity,
500123,Elantas Beck India Ltd,ELANTAS,ELANTAS BECK INDIA LTD.-$,Active,A ,10.00,INE280B01018,Commodity Chemicals,Equity,
500124,"Dr. Reddy's Laboratories Ltd.,",DRREDDY,DR.REDDY'S LABORATORIES LTD.,Active,A ,5.00,INE089A01023,Pharmaceuticals,Equity,
500125,"E.I.D. Parry (India) Ltd.,",EIDPARRY,E.I.D.-PARRY (INDIA) LTD.,Active,A ,1.00,INE126A01031,Sugar,Equity,
500126,PROCTER & GAMBLE HEALTH LIMITED,PGHL,Procter & Gamble Health Ltd,Active,A ,10.00,INE199A01012,Pharmaceuticals,Equity,
500133,Esab India Ltd.,ESABINDIA,ESAB INDIA LTD.,Active,A ,10.00,INE284A01012,Other Industrial Goods,Equity,
500135,EPL LIMITED,EPL,EPL Ltd,Active,A ,2.00,INE255A01020,Containers & Packaging,Equity,
500144,"Finolex Cables Ltd.,",FINCABLES,FINOLEX CABLES LTD.,Active,A ,2.00,INE235A01022,Other Elect.Equip./ Prod.,Equity,
500148,Uflex Limited,UFLEX,UFLEX LTD.,Active,A ,10.00,INE516A01017,Containers & Packaging,Equity,
500163,"Godfrey Phillips India Ltd.,",GODFRYPHLP,GODFREY PHILLIPS INDIA LTD.,Active,A ,2.00,INE260B01028,Cigarettes-Tobacco Products,Equity,
500164,Godrej Industries Ltd.,GODREJIND,GODREJ INDUSTRIES LTD.,Active,A ,1.00,INE233A01035,Commodity Chemicals,Equity,
500165,Kansai Nerolac Paints,KANSAINER,KANSAI NEROLAC PAINTS LTD.,Active,A ,1.00,INE531A01024,Furniture-Furnishing-Paints,Equity,
500168,"Goodyear India Ltd.,",GOODYEAR,GOODYEAR INDIA LTD.,Active,A ,10.00,INE533A01012,Auto Tyres & Rubber Products,Equity,
500171,GHCL Ltd.,GHCL,GHCL LTD.,Active,A ,10.00,INE539A01019,Commodity Chemicals,Equity,
500173,GFL LIMITED,GFLLIMITED,GFL Ltd,Active,A ,1.00,INE538A01037,Industrial Gases,Equity,
500180,HDFC Bank Ltd.,HDFCBANK,HDFC Bank Ltd,Active,A ,1.00,INE040A01034,Banks,Equity,
500182,Hero MotoCorp Limited,HEROMOTOCO,HERO MOTOCORP LTD.,Active,A ,2.00,INE158A01026,2/3 Wheelers,Equity,
500184,Himadri Speciality Chemical Ltd.,HSCL,Himadri Speciality Chemical Ltd,Active,A ,1.00,INE019C01026,Specialty Chemicals,Equity,
500185,"Hindustan Construction Co. Ltd.,",HCC,HINDUSTAN CONSTRUCTION CO.LTD.,Active,A ,1.00,INE549A01026,Construction & Engineering,Equity,
500186,Hindustan Oil Exploration Co. Ltd.,HINDOILEXP,HINDUSTAN OIL EXPLORATION CO.LTD.,Active,A ,10.00,INE345A01011,Exploration & Production,Equity,
500188,"Hindustan Zinc Ltd.,",HINDZINC,HINDUSTAN ZINC LTD.,Active,A ,2.00,INE267A01025,Zinc,Equity,
500201,India Glycols Ltd,INDIAGLYCO,INDIA GLYCOLS LTD.,Active,A ,10.00,INE560A01015,Commodity Chemicals,Equity,
500209,Infosys Ltd,INFY*,INFOSYS LTD.,Active,A ,5.00,INE009A01021,IT Consulting & Software,Equity,
500210,Ingersoll-Rand (India) Ltd.,INGERRAND,INGERSOLL-RAND (INDIA) LTD.,Active,A ,10.00,INE177A01018,Industrial Machinery,Equity,
500214,Ion Exchange (India) Ltd,IONEXCHANG,ION EXCHANGE (INDIA) LTD.-$,Active,A ,10.00,INE570A01014,Industrial Machinery,Equity,
500215,Agro Tech Foods Ltd,ATFL,AGRO TECH FOODS LTD.,Active,A ,10.00,INE209A01019,Other Agricultural Products,Equity,
500219,"Jain Irrigation Systems Ltd.,",JISLJALEQS,JAIN IRRIGATION SYSTEMS LTD.,Active,A ,2.00,INE175A01038,Plastic Products,Equity,
500227,Jindal Poly Films Ltd.,JINDALPOLY,JINDAL POLY FILMS LTD.,Active,A ,10.00,INE197D01010,Containers & Packaging,Equity,
500228,JSW Steel Limited,JSWSTEEL,JSW STEEL LTD.,Active,A ,1.00,INE019A01038,Iron & Steel/Interm.Products,Equity,
500233,Kajaria Ceramics Ltd,KAJARIACER,KAJARIA CERAMICS LTD.,Active,A ,1.00,INE217B01036,Furniture-Furnishing-Paints,Equity,
500235,Kalyani Steels Ltd,KSL,KALYANI STEELS LTD.,Active,A ,5.00,INE907A01026,Iron & Steel/Interm.Products,Equity,
500238,Whirlpool of India Ltd,WHIRLPOOL,WHIRLPOOL OF INDIA LTD.,Active,A ,10.00,INE716A01013,Consumer Electronics,Equity,
500247,Kotak Mahindra Bank Ltd.,KOTAKBANK,KOTAK MAHINDRA BANK LTD.,Active,A ,5.00,INE237A01028,Banks,Equity,
500249,KSB LIMITED,KSB,KSB Ltd,Active,A ,10.00,INE999A01015,Industrial Machinery,Equity,
500250,L.g.Balkrishnan & Bros. Ltd.,LGBBROSLTD,L.G.BALAKRISHNAN & BROS.LTD.,Active,A ,10.00,INE337A01034,Auto Parts & Equipment,Equity,
500251,Trent Ltd [Lakme Ltd],TRENT,TRENT LTD.,Active,A ,1.00,INE849A01020,Specialty Retail,Equity,
500252,"Lakshmi Machine Works Ltd.,",LAXMIMACH,LAKSHMI MACHINE WORKS LTD.,Active,A ,10.00,INE269B01029,Industrial Machinery,Equity,
500253,Lic Housing Finance Ltd.,LICHSGFIN,LIC HOUSING FINANCE LTD.,Active,A ,2.00,INE115A01026,Housing Finance ,Equity,
500257,Lupin Ltd,LUPIN,LUPIN LTD.,Active,A ,2.00,INE326A01037,Pharmaceuticals,Equity,
500260,The Ramco Cements Limited,RAMCOCEM,The Ramco Cements Limited,Active,A ,1.00,INE331A01037,Cement & Cement Products,Equity,
500265,Maharashtra Seamless Ltd.,MAHSEAMLES,MAHARASHTRA SEAMLESS LTD.,Active,A ,5.00,INE271B01025,Iron & Steel Products,Equity,
500266,"Maharashtra Scooters Ltd.,",MAHSCOOTER,MAHARASHTRA SCOOTERS LTD.,Active,A ,10.00,INE288A01013,Investment Companies,Equity,
500271,Max Financial Services Limited,MFSL,Max Financial Services Ltd,Active,A ,2.00,INE180A01020,Life Insurance,Equity,
500285,SpiceJet Limited,SPICEJET,SPICEJET LTD.,Active,A ,10.00,INE285B01017,Airlines,Equity,
500288,Morepen Laboratories Ltd.,MOREPENLAB,MOREPEN LABORATORIES LTD.,Active,A ,2.00,INE083A01026,Pharmaceuticals,Equity,
500290,"M.R.F. Ltd.,",MRF,MRF LTD.,Active,A ,10.00,INE883A01011,Auto Tyres & Rubber Products,Equity,
500292,HeidelbergCement  India Limited,HEIDELBERG,HEIDELBERGCEMENT INDIA LTD.,Active,A ,10.00,INE578A01017,Cement & Cement Products,Equity,
500294,NCC Limited,NCC,NCC Limited,Active,A ,2.00,INE868B01028,Construction & Engineering,Equity,
500295,Vedanta Limited,VEDL,Vedanta Limited,Active,A ,1.00,INE205A01025,Aluminium,Equity,
500298,National Peroxide Ltd.,NATPEROX,NATIONAL PEROXIDE LTD.,Active,A ,10.00,INE585A01020,Commodity Chemicals,Equity,
500300,"Grasim Industries Ltd.,",GRASIM,GRASIM INDUSTRIES LTD.,Active,A ,2.00,INE047A01021,Cement & Cement Products,Equity,
500302,Piramal Enterprises Limited,PEL,PIRAMAL ENTERPRISES LTD.,Active,A ,2.00,INE140A01024,Other Financial Services,Equity,
500304,"NIIT Ltd.,",NIITLTD,NIIT LTD.,Active,A ,2.00,INE161A01038,IT Training Services,Equity,
500307,"Nirlon Limited,",NIRLON,NIRLON LTD.,Active,A ,10.00,INE910A01012,Diversified Commercial Services,Equity,
500312,Oil And Natural Gas Corporation Ltd,ONGC,Oil and Natural Gas Corporation Ltd,Active,A ,5.00,INE213A01029,Exploration & Production,Equity,
500325,Reliance Industries Ltd,RELIANCE,RELIANCE INDUSTRIES LTD.,Active,A ,10.00,INE002A01018,Integrated Oil & Gas,Equity,
500330,Raymond Limited,RAYMOND,RAYMOND LTD.,Active,A ,10.00,INE301A01014,Textiles,Equity,
500331,Pidilite Industries Ltd.,PIDILITIND,PIDILITE INDUSTRIES LTD.,Active,A ,1.00,INE318A01026,Specialty Chemicals,Equity,
500335,Birla Corporation Ltd.,BIRLACORPN,BIRLA CORPORATION LTD.,Active,A ,10.00,INE340A01012,Cement & Cement Products,Equity,
500336,"Surya Roshni Ltd.,",SURYAROSNI,SURYA ROSHNI LTD.,Active,A ,10.00,INE335A01012,Diversified,Equity,
500338,PRISM JOHNSON LIMITED.,PRSMJOHNSN,Prism Johnson Ltd,Active,A ,10.00,INE010A01011,Cement & Cement Products,Equity,
500339,Rain Industries Limited,RAIN,Rain Industries Ltd,Active,A ,2.00,INE855B01025,Petrochemicals,Equity,
500355,Rallis India Ltd,RALLIS,RALLIS INDIA LTD.,Active,A ,1.00,INE613A01020,Agrochemicals,Equity,
500378,Jindal Saw Ltd.,JINDALSAW,JINDAL SAW LTD.,Active,A ,2.00,INE324A01024,Construction & Engineering,Equity,
500380,JK Lakshmi Cement Limited,JKLAKSHMI,JK LAKSHMI CEMENT LTD.,Active,A ,5.00,INE786A01032,Cement & Cement Products,Equity,
500387,"Shree Cements Ltd.,",SHREECEM,SHREE CEMENT LTD.,Active,A ,10.00,INE070A01015,Cement & Cement Products,Equity,
500400,Tata Power Co. Ltd,TATAPOWER,TATA POWER CO.LTD.,Active,A ,1.00,INE245A01021,Electric Utilities,Equity,
500403,"Sundram Fasteners Ltd.,",SUNDRMFAST,SUNDRAM FASTENERS LTD.,Active,A ,1.00,INE387A01021,Auto Parts & Equipment,Equity,
500404,"Sunflag Iron & Steel Co. Ltd.,",SUNFLAG,SUNFLAG IRON & STEEL CO.LTD.,Active,A ,10.00,INE947A01014,Iron & Steel/Interm.Products,Equity,
500407,Swaraj Engines Ltd.,SWARAJENG,SWARAJ ENGINES LTD.,Active,A ,10.00,INE277A01016,Auto Parts & Equipment,Equity,
500408,Tata Elxsi Ltd,TATAELXSI,TATA ELXSI LTD.,Active,A ,10.00,INE670A01012,IT Software Products,Equity,
500410,ACC Ltd,ACC,ACC LTD.,Active,A ,10.00,INE012A01025,Cement & Cement Products,Equity,
500411,Thermax Ltd.,THERMAX,THERMAX LTD.,Active,A ,2.00,INE152A01029,Heavy Electrical Equipment,Equity,
500412,"Thirumalai Chemicals Ltd.,",TIRUMALCHM,THIRUMALAI CHEMICALS LTD.,Active,A ,1.00,INE338A01024,Commodity Chemicals,Equity,
500413,"Thomas Cook (India) Ltd.,",THOMASCOOK,THOMAS COOK (INDIA) LTD.,Active,A ,1.00,INE332A01027,Travel Support Services,Equity,
500420,Torrent Pharmaceuticals Ltd.,TORNTPHARM,TORRENT PHARMACEUTICALS LTD.,Active,A ,5.00,INE685A01028,Pharmaceuticals,Equity,
500425,Ambuja Cements Ltd.,AMBUJACEM,AMBUJA CEMENTS LTD.,Active,A ,2.00,INE079A01024,Cement & Cement Products,Equity,
500440,Hindalco Industries Ltd.,HINDALCO,HINDALCO INDUSTRIES LTD.,Active,A ,1.00,INE038A01020,Aluminium,Equity,
500444,West Coast Paper Mills Limited,WSTCSTPAPR,WEST COAST PAPER MILLS LTD.,Active,A ,2.00,INE976A01021,Paper & Paper Products,Equity,
500459,Procter & Gamble Hygiene & Health Care Ltd.,PGHH,PROCTER & GAMBLE HYGIENE & HEALTH CARE LTD.,Active,A ,10.00,INE179A01014,Personal Products,Equity,
500469,Federal Bank Ltd.,FEDERALBNK,FEDERAL BANK LTD.,Active,A ,2.00,INE171A01029,Banks,Equity,
500470,TATA STEEL LIMITED,TATASTEEL,TATA STEEL LTD.,Active,A ,10.00,INE081A01012,Iron & Steel/Interm.Products,Equity,
500472,SKF India Ltd.,SKFINDIA,SKF India Ltd,Active,A ,10.00,INE640A01023,Other Industrial Goods,Equity,
500477,"Ashok Leyland Ltd.,",ASHOKLEY,ASHOK LEYLAND LTD.,Active,A ,1.00,INE208A01029,Commercial Vehicles,Equity,
500480,"Cummins India Ltd.,",CUMMINSIND,CUMMINS INDIA LTD.,Active,A ,2.00,INE298A01020,Industrial Machinery,Equity,
500483,Tata Communications Limited,TATACOMM,TATA COMMUNICATIONS LTD.,Active,A ,10.00,INE151A01013,Telecom - Alternate Carriers,Equity,
500488,Abbott India Ltd.,ABBOTINDIA,ABBOTT INDIA LTD.,Active,A ,10.00,INE358A01014,Pharmaceuticals,Equity,
500490,Bajaj Holdings & Investment Limited,BAJAJHLDNG,BAJAJ HOLDINGS & INVESTMENT LTD.,Active,A ,10.00,INE118A01012,Holding Companies,Equity,
500493,Bharat Forge Ltd,BHARATFORG,BHARAT FORGE LTD.,Active,A ,2.00,INE465A01025,Other Industrial Products,Equity,
500495,"Escorts Limited,",ESCORTS,ESCORTS LTD.,Active,A ,10.00,INE042A01014,Commercial Vehicles,Equity,
500510,Larsen & Toubro Limited,LT,LARSEN & TOUBRO LTD.,Active,A ,2.00,INE018A01030,Construction & Engineering,Equity,
500520,Mahindra & Mahindra Ltd.,M&M,MAHINDRA & MAHINDRA LTD.,Active,A ,5.00,INE101A01026,Cars & Utility Vehicles,Equity,
500530,Bosch Ltd,BOSCHLTD,BOSCH LTD.,Active,A ,10.00,INE323A01026,Auto Parts & Equipment,Equity,
500547,"Bharat Petroleum Corpn. Ltd.,",BPCL,BHARAT PETROLEUM CORPORATION LTD.,Active,A ,10.00,INE029A01011,Refineries/ Petro-Products,Equity,
500550,"Siemens Ltd.,",SIEMENS,SIEMENS LTD.,Active,A ,2.00,INE003A01024,Heavy Electrical Equipment,Equity,
500570,Tata Motors Ltd.,TATAMOTORS,TATA MOTORS LTD.,Active,A ,2.00,INE155A01022,Commercial Vehicles,Equity,
500575,"Voltas Ltd.,",VOLTAS,VOLTAS LTD.,Active,A ,1.00,INE226A01021,Consumer Electronics,Equity,
500620,"Great Eastern Shipping Co. Ltd.,",GESHIP,GREAT EASTERN SHIPPING CO.LTD.,Active,A ,10.00,INE017A01032,Shipping,Equity,
500650,"Excell Industries Ltd.,",EXCELINDUS,EXCEL INDUSTRIES LTD.,Active,A ,5.00,INE369A01029,Specialty Chemicals,Equity,
500660,GlaxoSmithkline Pharmaceuticals Ltd.,GLAXO,GLAXOSMITHKLINE PHARMACEUTICALS LTD.,Active,A ,10.00,INE159A01016,Pharmaceuticals,Equity,
500670,Gujarat Narmada Valley Fert.Co.Ltd,GNFC,GUJARAT NARMADA VALLEY FERTILIZERS & CHEMICALS LTD.,Active,A ,10.00,INE113A01013,Fertilizers,Equity,
500672,Novartis India Limited.,NOVARTIND,NOVARTIS INDIA LTD.,Active,A ,5.00,INE234A01025,Pharmaceuticals,Equity,
500674,Sanofi India Ltd,SANOFI,Sanofi India Ltd,Active,A ,10.00,INE058A01010,Pharmaceuticals,Equity,
500680,"Pfizer Ltd.,",PFIZER,PFIZER LTD.,Active,A ,10.00,INE182A01018,Pharmaceuticals,Equity,
500690,Gujarat State Fertilizers & Chem.Ltd,GSFC,GUJARAT STATE FERTILIZERS & CHEMICALS LTD.,Active,A ,2.00,INE026A01025,Fertilizers,Equity,
500696,"Hindustan Unilever Ltd.,",HINDUNILVR,HINDUSTAN UNILEVER LTD.,Active,A ,1.00,INE030A01027,Personal Products,Equity,
500710,Akzo Nobel India Limited,AKZOINDIA,Akzo Nobel India Limited,Active,A ,10.00,INE133A01011,Furniture-Furnishing-Paints,Equity,
500730,NOCIL Ltd,NOCIL,NOCIL LTD.,Active,A ,10.00,INE163A01018,Specialty Chemicals,Equity,
500770,Tata Chemicals Ltd,TATACHEM,TATA CHEMICALS LTD.,Active,A ,10.00,INE092A01019,Commodity Chemicals,Equity,
500790,Nestle India Ltd.,NESTLEIND,NESTLE INDIA LTD.,Active,A ,10.00,INE239A01016,Packaged Foods,Equity,
500800,TATA CONSUMER PRODUCTS LIMITED,TATACONSUM,Tata Consumer Products Ltd,Active,A ,1.00,INE192A01025,Tea & Coffee,Equity,
500820,Asian Paints Ltd.,ASIANPAINT,ASIAN PAINTS LTD.,Active,A ,1.00,INE021A01026,Furniture-Furnishing-Paints,Equity,
500825,"Britannia Industries Ltd.,",BRITANNIA,BRITANNIA INDUSTRIES LTD.,Active,A ,1.00,INE216A01030,Packaged Foods,Equity,
500830,"Colgate-Palmolive (India) Ltd.,",COLPAL,COLGATE-PALMOLIVE (INDIA) LTD.,Active,A ,1.00,INE259A01022,Personal Products,Equity,
500840,EIH Ltd,EIHOTEL,EIH LTD.,Active,A ,2.00,INE230A01023,Hotels,Equity,
500850,Indian Hotels Co. Ltd,INDHOTEL,INDIAN HOTELS CO.LTD.,Active,A ,1.00,INE053A01029,Hotels,Equity,
500870,Castrol India Ltd,CASTROLIND,CASTROL INDIA LTD.,Active,A ,5.00,INE172A01027,Oil Marketing & Distribution,Equity,
500875,ITC Ltd,ITC,ITC LTD.,Active,A ,1.00,INE154A01025,Cigarettes-Tobacco Products,Equity,
500877,Apollo Tyres Ltd,APOLLOTYRE,APOLLO TYRES LTD.,Active,A ,1.00,INE438A01022,Auto Tyres & Rubber Products,Equity,
500878,"Ceat Ltd.,",CEATLTD,CEAT LTD.,Active,A ,10.00,INE482A01020,Auto Tyres & Rubber Products,Equity,
500940,Finolex Industries Ltd.,FINOLEXIND,FINOLEX INDUSTRIES LTD.,Active,A ,2.00,INE183A01024,Plastic Products,Equity,
501301,"Tata Investment Corporation Ltd.,",TATAINVEST,TATA INVESTMENT CORPORATION LTD.,Active,A ,10.00,INE672A01018,Holding Companies,Equity,
501425,"Bombay Burmah Trading Corpn. Ltd.,",BBTC,BOMBAY BURMAH TRADING CORP.LTD.,Active,A ,2.00,INE050A01025,Tea & Coffee,Equity,
501455,Greaves Cotton Ltd.,GREAVESCOT,GREAVES COTTON LTD.,Active,A ,2.00,INE224A01026,Industrial Machinery,Equity,
502090,Sagar Cements Ltd,SAGCEM,SAGAR CEMENTS LTD.-$,Active,A ,10.00,INE229C01013,Cement & Cement Products,Equity,
502157,"Mangalam Cement Ltd.,",MANGLMCEM,MANGALAM CEMENT LTD.,Active,A ,10.00,INE347A01017,Cement & Cement Products,Equity,
502168,"NCL Industries Limited,",NCLIND,NCL INDUSTRIES LTD.-$,Active,A ,10.00,INE732C01016,Cement & Cement Products,Equity,
502355,"Balkrishna Industries Ltd.,",BALKRISIND,BALKRISHNA INDUSTRIES LTD.-$,Active,A ,2.00,INE787D01026,Auto Tyres & Rubber Products,Equity,
502450,"Seshasayee Paper & Boards Ltd.,",SESHAPAPER,SESHASAYEE PAPER & BOARDS LTD.,Active,A ,2.00,INE630A01024,Paper & Paper Products,Equity,
502986,Vardhman Textiles Limted,VTL,VARDHMAN TEXTILES LTD.,Active,A ,10.00,INE825A01012,Textiles,Equity,
503100,"The Phoenix Mills Ltd.,",PHOENIXLTD,The Phoenix Mills Ltd,Active,A ,2.00,INE211B01039,Realty,Equity,
503310,Swan Energy Ltd.,SWANENERGY,SWAN ENERGY LTD.,Active,A ,1.00,INE665A01038,Textiles,Equity,
503806,"SRF Ltd.,",SRF,SRF LTD.,Active,A ,10.00,INE647A01010,Diversified,Equity,
503960,"Bharat Bijlee Ltd.,",BBL,BHARAT BIJLEE LTD.-$,Active,A ,10.00,INE464A01028,Other Elect.Equip./ Prod.,Equity,
504067,Zensar Technologies Ltd.,ZENSARTECH,ZENSAR TECHNOLOGIES LTD.,Active,A ,2.00,INE520A01027,IT Consulting & Software,Equity,
504112,Nelco Ltd,NELCO,NELCO LTD.,Active,A ,10.00,INE045B01015,IT Networking Equipment,Equity,
504741,"Indian Hume Pipe Co. Ltd.,",INDIANHUME,INDIAN HUME PIPE CO.LTD.,Active,A ,2.00,INE323C01030,Cement & Cement Products,Equity,
504966,"Tinplate Company of India Ltd.,",TINPLATE,TINPLATE COMPANY OF INDIA LTD.,Active,A ,10.00,INE422C01014,Containers & Packaging,Equity,
504973,CHOLAMANDALAM FINANCIAL HOLDINGS LIMITED,CHOLAHLDNG,Cholamandalam Financial Holdings Ltd,Active,A ,1.00,INE149A01033,Holding Companies,Equity,
505010,"Automotive Axles Ltd.,",AUTOAXLES,AUTOMOTIVE AXLES LTD.,Active,A ,10.00,INE449A01011,Auto Parts & Equipment,Equity,
505192,SML ISUZU LIMITED,SMLISUZU,SML ISUZU LIMITED,Active,A ,10.00,INE294B01019,Commercial Vehicles,Equity,
505200,Eicher Motors Ltd.,EICHERMOT,EICHER MOTORS LTD.,Active,A ,1.00,INE066A01021,2/3 Wheelers,Equity,
505255,GMM Pfaudler Ltd.,GMM,GMM PFAUDLER LTD.,Active,A ,2.00,INE541A01023,Industrial Machinery,Equity,
505355,Nesco Ltd,NESCO,NESCO LTD.,Active,A ,2.00,INE317F01035,Diversified Commercial Services,Equity,
505509,Responsive Industries Ltd,RESPONIND,RESPONSIVE INDUSTRIES LTD.,Active,A ,1.00,INE688D01026,Furniture-Furnishing-Paints,Equity,
505533,Westlife Development Ltd,WESTLIFE,WESTLIFE DEVELOPMENT LTD.,Active,A ,2.00,INE274F01020,Restaurants,Equity,
505537,Zee Entertainment Enterprises Ltd.,ZEEL,ZEE ENTERTAINMENT ENTERPRISES LTD.,Active,A ,1.00,INE256A01028,Broadcasting & Cable TV,Equity,
505714,Gabriel India Ltd.,GABRIEL,GABRIEL INDIA LTD.-$,Active,A ,1.00,INE524A01029,Auto Parts & Equipment,Equity,
505726,IFB Industries Limited,IFBIND,IFB INDUSTRIES LTD.,Active,A ,10.00,INE559A01017,Household Appliances,Equity,
505744,Federal-Mogul Goetze (India) Ltd,FMGOETZE,FEDERAL-MOGUL GOETZE (INDIA) LTD.,Active,A ,10.00,INE529A01010,Auto Parts & Equipment,Equity,
505790,Schaeffler India Limited,SCHAEFFLER,Schaeffler India Ltd,Active,A ,10.00,INE513A01014,Industrial Machinery,Equity,
505800,Rane Holdings Ltd.,RANEHOLDIN,RANE HOLDINGS LTD.,Active,A ,10.00,INE384A01010,Auto Parts & Equipment,Equity,
505890,Kennametal India Limtied,KENNAMET,KENNAMETAL INDIA LTD.-$,Active,A ,10.00,INE717A01029,Industrial Machinery,Equity,
506022,"Prakash Industries Ltd.,",PRAKASH,PRAKASH INDUSTRIES LTD.,Active,A ,10.00,INE603A01013,Iron & Steel/Interm.Products,Equity,
506076,Grindwell Norton Ltd.,GRINDWELL,GRINDWELL NORTON LTD.-$,Active,A ,5.00,INE536A01023,Other Industrial Products,Equity,
506197,Bliss GVS Pharma Limited,BLISSGVS,BLISS GVS PHARMA LTD.,Active,A ,1.00,INE416D01022,Pharmaceuticals,Equity,
506235,Alembic  Ltd,ALEMBICLTD,ALEMBIC LTD.,Active,A ,2.00,INE426A01027,Pharmaceuticals,Equity,
506285,Bayer CropScience Limited.,BAYERCROP,BAYER CROPSCIENCE LTD.,Active,A ,10.00,INE462A01022,Agrochemicals,Equity,
506390,Clariant Chemicals (India) Limited,CLNINDIA,CLARIANT CHEMICALS (INDIA) LTD.,Active,A ,10.00,INE492A01029,Specialty Chemicals,Equity,
506395,Coromandel International Limited,COROMANDEL,COROMANDEL INTERNATIONAL LTD.,Active,A ,1.00,INE169A01031,Fertilizers,Equity,
506401,Deepak Nitrite Limited,DEEPAKNI,DEEPAK NITRITE LTD.-$,Active,A ,2.00,INE288B01029,Commodity Chemicals,Equity,
506579,"Oriental Carbon & Chemicals Ltd.,",ORIENTCQ,ORIENTAL CARBON & CHEMICALS LTD.-$,Active,A ,10.00,INE321D01016,Commodity Chemicals,Equity,
506590,"Phillips Carbon Black Ltd.,",PHILIPCARB,PHILLIPS CARBON BLACK LTD.,Active,A ,2.00,INE602A01023,Carbon Black,Equity,
506655,"Sudarshan Chemical Indus. Ltd.,",SUDARSCHEM,SUDARSHAN CHEMICAL INDUSTRIES LTD.,Active,A ,2.00,INE659A01023,Specialty Chemicals,Equity,
506690,"Unichem Laboratories Ltd.,",UNICHEMLAB,UNICHEM LABORATORIES LTD.,Active,A ,2.00,INE351A01035,Pharmaceuticals,Equity,
506767,"Alkyl Amines Chemicals Ltd.,",ALKYLAMINE,ALKYL AMINES CHEMICALS LTD.-$,Active,A ,2.00,INE150B01039,Specialty Chemicals,Equity,
506820,AstraZeneca Pharma India Ltd.,ASTRAZEN,ASTRAZENECA PHARMA INDIA LTD.,Active,A ,2.00,INE203A01020,Pharmaceuticals,Equity,
506943,J.B. Chemicals & Pharmaceuticals Lt,JBCHEPHARM,J.B.CHEMICALS & PHARMACEUTICALS LTD.,Active,A ,2.00,INE572A01028,Pharmaceuticals,Equity,
507685,"Wipro  Ltd.,",WIPRO,WIPRO LTD.,Active,A ,2.00,INE075A01022,IT Consulting & Software,Equity,
507717,Dhanuka Agritech Ltd.,DHANUKA,DHANUKA AGRITECH LTD.,Active,A ,2.00,INE435G01025,Agrochemicals,Equity,
507815,Gillette India Ltd.,GILLETTE,GILLETTE INDIA LTD.,Active,A ,10.00,INE322A01010,Personal Products,Equity,
507880,"V.I.P. Industries Ltd.,",VIPIND,V.I.P.INDUSTRIES LTD.-$,Active,A ,2.00,INE054A01027,Other Apparels & Accessories,Equity,
508486,Hawkins Cooker Ltd.,HAWKINCOOK,HAWKINS COOKERS LTD.-$,Active,A ,10.00,INE979B01015,Houseware,Equity,
508814,"Cosmo Films Ltd.,",COSMOFILMS,COSMO FILMS LTD.,Active,A ,10.00,INE757A01017,Containers & Packaging,Equity,
508869,"Apollo Hospitals Enterprises Ltd.,",APOLLOHOSP,APOLLO HOSPITALS ENTERPRISE LTD.,Active,A ,5.00,INE437A01024,Healthcare Facilities,Equity,
508989,Navneet Education Limited,NAVNETEDUL*,Navneet Education Limited,Active,A ,2.00,INE060A01024,Publishing,Equity,
509243,"TVS Srichakra Ltd.,",TVSSRICHAK,TVS SRICHAKRA LTD.-$,Active,A ,10.00,INE421C01016,Auto Tyres & Rubber Products,Equity,
509480,Berger Paints India Ltd,BERGEPAINT,BERGER PAINTS INDIA LTD.,Active,A ,1.00,INE463A01038,Furniture-Furnishing-Paints,Equity,
509488,Graphite India Ltd.,GRAPHITE,GRAPHITE INDIA LTD.,Active,A ,2.00,INE371A01025,Other Industrial Goods,Equity,
509496,ITD Cementation India Ltd,ITDCEM,ITD CEMENTATION INDIA LTD.,Active,A ,1.00,INE686A01026,Construction & Engineering,Equity,
509557,GARWARE TECHNICAL FIBRES LIMITED,GARFIBRES,Garware Technical Fibres Ltd,Active,A ,10.00,INE276A01018,Textiles,Equity,
509631,HEG Ltd.,HEG,HEG LTD.,Active,A ,10.00,INE545A01016,Other Industrial Goods,Equity,
509675,HIL Limited,HIL,HIL LTD.,Active,A ,10.00,INE557A01011,Cement & Cement Products,Equity,
509820,HUHTAMAKI INDIA LIMITED,HUHTAMAKI,Huhtamaki India Ltd,Active,A ,2.00,INE275B01026,Containers & Packaging,Equity,
509930,"Supreme Industries Ltd.,",SUPREMEIND,SUPREME INDUSTRIES LTD.,Active,A ,2.00,INE195A01028,Plastic Products,Equity,
509966,"VST Industries Ltd.,",VSTIND,VST INDUSTRIES LTD.,Active,A ,10.00,INE710A01016,Cigarettes-Tobacco Products,Equity,
511196,"Can Fin Homes Ltd.,",CANFINHOME,CAN FIN HOMES LTD.,Active,A ,2.00,INE477A01020,Housing Finance ,Equity,
511218,"Shriram Transport Finance Co. Ltd.,",SRTRANSFIN,SHRIRAM TRANSPORT FINANCE CO.LTD.,Active,A ,10.00,INE721A01013,Finance (including NBFCs),Equity,
511243,Cholamandalam Investment and Finance Company Ltd,CHOLAFIN,Cholamandalam Investment and Finance Company Ltd,Active,A ,2.00,INE121A01024,Finance (including NBFCs),Equity,
511431,Vakrangee Limited,VAKRANGEE,Vakrangee Limited-$,Active,A ,1.00,INE051B01021,IT Software Products,Equity,
511676,GIC Housing Finance Ltd.,GICHSGFIN,GIC HOUSING FINANCE LTD.,Active,A ,10.00,INE289B01019,Housing Finance ,Equity,
512070,UPL Limited,UPL,UPL Limited,Active,A ,2.00,INE628A01036,Agrochemicals,Equity,
512179,Sunteck Realty Ltd,SUNTECK,SUNTECK REALTY LTD.,Active,A ,1.00,INE805D01034,Realty,Equity,
512237,Jai Corp Limited,JAICORPLTD,JAI CORP LTD.,Active,A ,1.00,INE070D01027,Plastic Products,Equity,
512529,Sequent Scientific Limited,SEQUENT,SEQUENT SCIENTIFIC LTD.,Active,A ,2.00,INE807F01027,Pharmaceuticals,Equity,
512573,Avanti Feeds ltd.,AVANTI,AVANTI FEEDS LTD.-$,Active,A ,1.00,INE871C01038,Other Food Products,Equity,
512599,Adani Enterprises Ltd.,ADANIENT,ADANI ENTERPRISES LTD.,Active,A ,1.00,INE423A01024,Comm.Trading  & Distribution,Equity,
513023,Nava Bharat Ventures Ltd,NBVENTURES*,NAVA BHARAT VENTURES LTD.,Active,A ,2.00,INE725A01022,Electric Utilities,Equity,
513375,"Carborundum Universal Ltd.,",CARBORUNIV,CARBORUNDUM UNIVERSAL LTD.,Active,A ,1.00,INE120A01034,Other Industrial Products,Equity,
513377,"MMTC Ltd.,",MMTC,MMTC LTD.,Active,A ,1.00,INE123F01029,Comm.Trading  & Distribution,Equity,
513434,Tata Metaliks Ltd,TATAMETALI,TATA METALIKS LTD.,Active,A ,10.00,INE056C01010,Iron & Steel/Interm.Products,Equity,
513599,Hindustan Copper Ltd.,HINDCOPPER,HINDUSTAN COPPER LTD.,Active,A ,5.00,INE531E01026,Copper,Equity,
513605,Srikalahasthi Pipes Limited,SRIPIPES,Srikalahasthi Pipes Limited,Active,A ,10.00,INE943C01027,Iron & Steel Products,Equity,
513683,NLC India Limited,NLCINDIA,NLC India Ltd,Active,A ,10.00,INE589A01014,Electric Utilities,Equity,
514162,Welspun India Ltd,WELSPUNIND,WELSPUN INDIA LTD.,Active,A ,1.00,INE192B01031,Textiles,Equity,
515030,Asahi India Glass Ltd.,ASAHIINDIA,ASAHI INDIA GLASS LTD.,Active,A ,1.00,INE439A01020,Auto Parts & Equipment,Equity,
517015,"Vindhya Telelinks Ltd.,",VINDHYATEL,VINDHYA TELELINKS LTD.,Active,A ,10.00,INE707A01012,Telecom Cables,Equity,
517146,Usha Martin Ltd.,USHAMART,USHA MARTIN LTD.,Active,A ,1.00,INE228A01035,Iron & Steel Products,Equity,
517168,"Subros Ltd.,",SUBROS,SUBROS LTD.,Active,A ,2.00,INE287B01021,Auto Parts & Equipment,Equity,
517174,Honeywell Automation India Ltd.,HONAUT,HONEYWELL AUTOMATION INDIA LTD.,Active,A ,10.00,INE671A01010,Other Elect.Equip./ Prod.,Equity,
517300,Gujarat Industries Power Co. Ltd,GIPCL,GUJARAT INDUSTRIES POWER CO.LTD.,Active,A ,10.00,INE162A01010,Electric Utilities,Equity,
517334,"Motherson Sumi Systems Ltd.,",MOTHERSUMI,MOTHERSON SUMI SYSTEMS LTD.,Active,A ,1.00,INE775A01035,Auto Parts & Equipment,Equity,
517354,Havells India Limited,HAVELLS,HAVELLS INDIA LTD.,Active,A ,1.00,INE176B01034,Consumer Electronics,Equity,
517380,Igarashi Motors India Ltd.,IGARASHI,IGARASHI MOTORS INDIA LTD.,Active,A ,10.00,INE188B01013,Auto Parts & Equipment,Equity,
517385,Symphony Limited,SYMPHONY,Symphony Limited,Active,A ,2.00,INE225D01027,Consumer Electronics,Equity,
517506,TTK Prestige Ltd.,TTKPRESTIG,TTK PRESTIGE LTD.,Active,A ,10.00,INE690A01010,Houseware,Equity,
517569,KEI Industries Ltd.,KEI,KEI INDUSTRIES LTD.,Active,A ,2.00,INE878B01027,Other Elect.Equip./ Prod.,Equity,
519091,"Tasty Bite Eatables Ltd.,",TASTYBIT,TASTY BITE EATABLES LTD.,Active,A ,10.00,INE488B01017,Packaged Foods,Equity,
519183,ADF Foods Limited.,ADFFOODS,ADF FOODS LTD.-$,Active,A ,10.00,INE982B01019,Packaged Foods,Equity,
519552,Heritage Foods Limited,HERITGFOOD,Heritage Foods Limited,Active,A ,5.00,INE978A01027,Packaged Foods,Equity,
519588,DFM Foods Ltd.,DFM,DFM FOODS LTD.,Active,A ,2.00,INE456C01020,Packaged Foods,Equity,
519600,CCL Products (India) Ltd.,CCL,CCL PRODUCTS (INDIA) LTD.,Active,A ,2.00,INE421D01022,Tea & Coffee,Equity,
520008,RICO Auto Industries Ltd.,RICOAUTO,RICO AUTO INDUSTRIES LTD.,Active,A ,1.00,INE209B01025,Auto Parts & Equipment,Equity,
520051,"Jamna Auto Industries Ltd.,",JAMNAAUTO,JAMNA AUTO INDUSTRIES LTD.,Active,A ,1.00,INE039C01032,Auto Parts & Equipment,Equity,
520056,Sundaram Clayton Ltd.,SUNCLAYLTD,SUNDARAM-CLAYTON LTD.,Active,A ,5.00,INE105A01035,Auto Parts & Equipment,Equity,
520057,JTEKT India Limited,JTEKTINDIA,Jtekt India Ltd,Active,A ,1.00,INE643A01035,Auto Parts & Equipment,Equity,
520111,Ratnamani Metals & Tubes Ltd,RATNAMANI,RATNAMANI METALS & TUBES LTD.-$,Active,A ,2.00,INE703B01027,Construction & Engineering,Equity,
520113,Vesuvius India Ltd.,VESUVIUS,VESUVIUS INDIA LTD.,Active,A ,10.00,INE386A01015,Other Industrial Goods,Equity,
521016,Indo Count Industries Ltd,ICIL,INDO COUNT INDUSTRIES LTD.,Active,A ,2.00,INE483B01026,Textiles,Equity,
521064,Trident Ltd,TRIDENT,TRIDENT LTD.,Active,A ,1.00,INE064C01022,Textiles,Equity,
521248,Kitex Garmenets Ltd.,KITEX,KITEX GARMENTS LTD.,Active,A ,1.00,INE602G01020,Other Apparels & Accessories,Equity,
522064,HONDA INDIA POWER PRODUCTS LIMITED,HONDAPOWER,Honda India Power Products Ltd,Active,A ,10.00,INE634A01018,Industrial Machinery,Equity,
522074,"Elgi Equipments Ltd.,",ELGIEQUIP,ELGI EQUIPMENTS LTD.,Active,A ,1.00,INE285A01027,Industrial Machinery,Equity,
522113,Timken India Ltd,TIMKEN,TIMKEN INDIA LTD.,Active,A ,10.00,INE325A01013,Industrial Machinery,Equity,
522249,Mayur Uniquoters ltd.,MAYURUNIQ,MAYUR UNIQUOTERS LTD.-$,Active,A ,5.00,INE040D01038,Textiles,Equity,
522263,JMC Projects (india) Ltd.,JMCPROJECT,JMC PROJECTS (INDIA) LTD.-$,Active,A ,2.00,INE890A01024,Construction & Engineering,Equity,
522275,GE T&D India Limited,GET&D,GE T&D India Ltd,Active,A ,2.00,INE200A01026,Electric Utilities,Equity,
522287,Kalpataru Power Transmission Ltd.,KALPATPOWR,KALPATARU POWER TRANSMISSION LTD.,Active,A ,2.00,INE220B01022,Heavy Electrical Equipment,Equity,
523025,"Safari Industries (India) Ltd.,",SAFARIND,SAFARI INDUSTRIES (INDIA) LTD.,Active,A ,2.00,INE429E01023,Other Apparels & Accessories,Equity,
523261,Venky's (India) ltd.,VENKYS,VENKY'S (INDIA) LTD.,Active,A ,10.00,INE398A01010,Packaged Foods,Equity,
523319,"Balmer Lawrie & Co. Ltd.,",BALMLAWRIE,BALMER LAWRIE & CO.LTD.,Active,A ,10.00,INE164A01016,Diversified,Equity,
523367,DCM Shriram Limited,DCMSHRIRAM,DCM Shriram Limited,Active,A ,2.00,INE499A01024,Diversified,Equity,
523385,Nilkamal Limited,NILKAMAL,NILKAMAL LTD.,Active,A ,10.00,INE310A01015,Plastic Products,Equity,
523395,3M India Ltd.,3MINDIA,3M INDIA LTD.,Active,A ,10.00,INE470A01017,Diversified,Equity,
523398,Johnson Controls-Hitachi Air Conditioning India Ltd.,JCHAC,Johnson Controls-Hitachi Air Conditioning India Ltd,Active,A ,10.00,INE782A01015,Consumer Electronics,Equity,
523405,JM Financial Limited,JMFINANCIL,JM FINANCIAL LTD.-$,Active,A ,1.00,INE780C01023,Holding Companies,Equity,
523445,Reliance Industrial Infrastructure,RIIL,RELIANCE INDUSTRIAL INFRASTRUCTURE LTD.,Active,A ,10.00,INE046A01015,Construction & Engineering,Equity,
523457,Linde India Limited,LINDEINDIA,Linde India Limited,Active,A ,10.00,INE473A01011,Industrial Gases,Equity,
523598,Shipping Corporation Of India Ltd,SCI,SHIPPING CORPORATION OF INDIA LTD.,Active,A ,10.00,INE109A01011,Shipping,Equity,
523610,ITI Limited (Indian Teleph.Ind.Ltd),ITI,ITI LTD.,Active,A ,10.00,INE248A01017,Telecom Equipment,Equity,
523618,"Dredging Corporation of India Ltd.,",DREDGECORP,DREDGING CORPORATION OF INDIA LTD.,Active,A ,10.00,INE506A01018,Shipping,Equity,
523630,"National Fertilizers Ltd.,",NFL,NATIONAL FERTILIZERS LTD.,Active,A ,10.00,INE870D01012,Fertilizers,Equity,
523642,PI Industries Limited,PIIND,PI Industries Ltd,Active,A ,1.00,INE603J01030,Agrochemicals,Equity,
523660,Waterbase Limited,WATERBASE,WATERBASE LTD.,Active,A ,10.00,INE054C01015,Other Food Products,Equity,
523694,Apcotex Industries Limited,APCOTEXIND,APCOTEX INDUSTRIES LTD.,Active,A ,2.00,INE116A01032,Other Industrial Goods,Equity,
523704,Mastek Limited,MASTEK,MASTEK LTD.,Active,A ,5.00,INE759A01021,IT Software Products,Equity,
524051,"Polyplex Corporation Ltd.,",POLYPLEX,POLYPLEX CORPORATION LTD.,Active,A ,10.00,INE633B01018,Commodity Chemicals,Equity,
524164,IOL Chemicals & Pharmaceuticals Ltd,IOLCP,IOL CHEMICALS & PHARMACEUTICALS LTD.,Active,A ,10.00,INE485C01011,Pharmaceuticals,Equity,
524200,"Vinati Organics Ltd.,",VINATIORGA,VINATI ORGANICS LTD.-$,Active,A ,1.00,INE410B01037,Commodity Chemicals,Equity,
524208,Aarti Industries Ltd,AARTIIND,AARTI INDUSTRIES LTD.,Active,A ,5.00,INE769A01020,Specialty Chemicals,Equity,
524226,Gujarat Ambuja Exports Ltd.,GAEL,GUJARAT AMBUJA EXPORTS LTD.,Active,A ,1.00,INE036B01030,Other Agricultural Products,Equity,
524230,Rashtriya Chemicals & Fertilizers Limited,RCF,RASHTRIYA CHEMICALS & FERTILIZERS LTD.,Active,A ,10.00,INE027A01015,Fertilizers,Equity,
524348,Aarti Drugs Limited,AARTIDRUGS,AARTI DRUGS LTD.,Active,A ,10.00,INE767A01016,Pharmaceuticals,Equity,
524370,Bodal Chemicals Ltd,BODALCHEM,BODAL CHEMICALS LTD.,Active,A ,2.00,INE338D01028,Specialty Chemicals,Equity,
524404,Marksans Pharma Ltd.,MARKSANS,MARKSANS PHARMA LTD.,Active,A ,1.00,INE750C01026,Pharmaceuticals,Equity,
524494,Ipca Laboratories Ltd.,IPCALAB,IPCA LABORATORIES LTD.,Active,A ,2.00,INE571A01020,Pharmaceuticals,Equity,
524669,Hester Biosciences Ltd,HESTERBIO,HESTER BIOSCIENCES LTD.,Active,A ,10.00,INE782E01017,Pharmaceuticals,Equity,
524715,Sun Pharmaceutical Industries Ltd.,SUNPHARMA,SUN PHARMACEUTICAL INDUSTRIES LTD.,Active,A ,1.00,INE044A01036,Pharmaceuticals,Equity,
524735,Hikal Ltd.,HIKAL,HIKAL LTD.,Active,A ,2.00,INE475B01022,Pharmaceuticals,Equity,
524742,Caplin Point Laboratories Ltd.,CAPPL,CAPLIN POINT LABORATORIES LTD.,Active,A ,2.00,INE475E01026,Pharmaceuticals,Equity,
524804,Aurobindo Pharma Ltd.,AUROPHARMA,AUROBINDO PHARMA LTD.,Active,A ,1.00,INE406A01037,Pharmaceuticals,Equity,
524816,Natco Pharma Ltd.,NATCOPHARM,NATCO PHARMA LTD.,Active,A ,2.00,INE987B01026,Pharmaceuticals,Equity,
526299,Mphasis Limited,MPHASIS,MPHASIS LTD.,Active,A ,10.00,INE356A01018,IT Consulting & Software,Equity,
526371,NMDC Ltd,NMDC,NMDC LTD.,Active,A ,1.00,INE584A01023,Mining,Equity,
526612,Blue Dart Express Ltd.,BLUEDART,BLUE DART EXPRESS LTD.,Active,A ,10.00,INE233B01017,Transportation - Logistics,Equity,
526797,Greenply Industries Ltd,GREENPLY,GREENPLY INDUSTRIES LTD.,Active,A ,1.00,INE461C01038,Forest Products,Equity,
526947,La Opala RG Ltd.,LAOPALA,LA OPALA RG LTD.,Active,A ,2.00,INE059D01020,Houseware,Equity,
530001,"Gujarat Alkalis & Chemicals Ltd.,",GUJALKALI,GUJARAT ALKALIES & CHEMICALS LTD.,Active,A ,10.00,INE186A01019,Commodity Chemicals,Equity,
530005,"India Cements Ltd.,",INDIACEM,INDIA CEMENTS LTD.,Active,A ,10.00,INE383A01012,Cement & Cement Products,Equity,
530007,JK Tyre & Industries Ltd.,JKTYRE,JK TYRE & INDUSTRIES LTD.,Active,A ,2.00,INE573A01042,Auto Tyres & Rubber Products,Equity,
530019,JUBILANT PHARMOVA LIMITED,JUBLPHARMA,Jubilant Pharmova Ltd,Active,A ,1.00,INE700A01033,Pharmaceuticals,Equity,
530117,PRIVI SPECIALITY CHEMICALS LIMITED,PRIVISCL,Privi Speciality Chemicals Ltd,Active,A ,10.00,INE959A01019,Specialty Chemicals,Equity,
530239,Suven Life Sciences Ltd.,SUVEN,SUVEN LIFE SCIENCES LTD.,Active,A ,1.00,INE495B01038,Pharmaceuticals,Equity,
530367,NRB Bearings Ltd.,NRBBEARING,NRB BEARINGS LTD.,Active,A ,2.00,INE349A01021,Industrial Machinery,Equity,
530517,Relaxo Footwears Ltd.,RELAXO,RELAXO FOOTWEARS LTD.-$,Active,A ,1.00,INE131B01039,Footwear,Equity,
530549,Shilpa Medicare Ltd.,SHILPAMED,SHILPA MEDICARE LTD.,Active,A ,1.00,INE790G01031,Pharmaceuticals,Equity,
530813,KRBL Ltd.,KRBL,KRBL LTD.,Active,A ,1.00,INE001B01026,Packaged Foods,Equity,
530965,Indian Oil Corporation Ltd.,IOC,INDIAN OIL CORPORATION LTD.,Active,A ,10.00,INE242A01010,Oil Marketing & Distribution,Equity,
530999,Balaji Amines Ltd.,BALAMINES,BALAJI AMINES LTD.-$,Active,A ,2.00,INE050E01027,Specialty Chemicals,Equity,
531120,Patel Engineering Ltd,PATELENG,PATEL ENGINEERING LTD.-$,Active,A ,1.00,INE244B01030,Construction & Engineering,Equity,
531162,Emami Ltd,EMAMILTD,EMAMI LTD.-$,Active,A ,1.00,INE548C01032,Personal Products,Equity,
531179,Arman Financial Services Limited,ARMANFIN,ARMAN FINANCIAL SERVICES LTD.,Active,A ,10.00,INE109C01017,Finance (including NBFCs),Equity,
531209,Nucleus Software Exports Ltd,NUCLEUS,NUCLEUS SOFTWARE EXPORTS LTD.,Active,A ,10.00,INE096B01018,IT Software Products,Equity,
531213,Manappuram Finance Limited,MANAPPURAM,MANAPPURAM FINANCE LTD.,Active,A ,2.00,INE522D01027,Finance (including NBFCs),Equity,
531266,V.S.T.Tillers Tractors Ltd.,VSTTILLERS,V.S.T.TILLERS TRACTORS LTD.-$,Active,A ,10.00,INE764D01017,Commercial Vehicles,Equity,
531335,Zydus Wellness Limited,ZYDUSWELL,ZYDUS WELLNESS LTD.-$,Active,A ,10.00,INE768C01010,Packaged Foods,Equity,
531344,Container Corporation Of India Ltd.,CONCOR,CONTAINER CORPORATION OF INDIA LTD.,Active,A ,5.00,INE111A01025,Transport Related Services,Equity,
531349,Panacea Biotec Ltd.,PANACEABIO,PANACEA BIOTEC LTD.,Active,A ,1.00,INE922B01023,Biotechnology,Equity,
531426,Tamil Nadu Newsprint And Papers Ltd,TNPL,TAMIL NADU NEWSPRINT & PAPERS LTD.,Active,A ,10.00,INE107A01015,Paper & Paper Products,Equity,
531500,Rajesh Exports Ltd.,RAJESHEXPO,RAJESH EXPORTS LTD.,Active,A ,1.00,INE343B01030,Other Apparels & Accessories,Equity,
531508,Eveready Industries India Ltd.,EVEREADY,EVEREADY INDUSTRIES INDIA LTD.,Active,A ,5.00,INE128A01029,Non-Durable Household Prod.,Equity,
531531,Hatsun Agro Products Ltd.,HATSUN,HATSUN AGRO PRODUCT LTD.,Active,A ,1.00,INE473B01035,Packaged Foods,Equity,
531595,Capri Global Capital Limited,CGCL,Capri Global Capital Limited,Active,A ,2.00,INE180C01026,Finance (including NBFCs),Equity,
531599,FDC Ltd.,FDC,FDC LTD.,Active,A ,1.00,INE258B01022,Pharmaceuticals,Equity,
531633,Lincoln Pharmaceuticals ltd.,LINCOPH,LINCOLN PHARMACEUTICALS LTD.,Active,A ,10.00,INE405C01035,Pharmaceuticals,Equity,
531642,Marico Limited,MARICO,MARICO LTD.,Active,A ,1.00,INE196A01026,Personal Products,Equity,
531761,APOLLO PIPES LIMITED,APOLLOPIPES,Apollo Pipes Ltd,Active,A ,10.00,INE126J01016,Plastic Products,Equity,
531768,Poly Medicure Ltd,POLYMED,POLY MEDICURE LTD.,Active,A ,5.00,INE205C01021,Medical Equipment,Equity,
532134,Bank Of Baroda,BANKBARODA,BANK OF BARODA,Active,A ,2.00,INE028A01039,Banks,Equity,
532144,Welspun Corp Limited,WELCORP,Welspun Corp Limited,Active,A ,5.00,INE191B01025,Construction & Engineering,Equity,
532149,Bank of India,BANKINDIA,BANK OF INDIA,Active,A ,10.00,INE084A01016,Banks,Equity,
532155,Gail (India) Ltd.,GAIL,GAIL (INDIA) LTD.,Active,A ,10.00,INE129A01019,Utilities:Non-Elec.,Equity,
532156,Vaibhav Global Ltd,VAIBHAVGBL,Vaibhav Global Ltd,Active,A ,2.00,INE884A01027,Other Apparels & Accessories,Equity,
532162,JK Paper Ltd.,JKPAPER,JK PAPER LTD.,Active,A ,10.00,INE789E01012,Paper & Paper Products,Equity,
532174,ICICI Bank Ltd.,ICICIBANK,ICICI BANK LTD.,Active,A ,2.00,INE090A01021,Banks,Equity,
532175,Cyient Limited,CYIENT,Cyient Limited,Active,A ,5.00,INE136B01020,IT Consulting & Software,Equity,
532178,Engineers India Ltd.,ENGINERSIN,ENGINEERS INDIA LTD.,Active,A ,5.00,INE510A01028,Consulting Services,Equity,
532181,Gujarat Mineral Development Corpora,GMDCLTD,GUJARAT MINERAL DEVELOPMENT CORPORATION LTD.,Active,A ,2.00,INE131A01031,Coal,Equity,
532187,IndusInd Bank Ltd.,INDUSINDBK,INDUSIND BANK LTD.,Active,A ,10.00,INE095A01012,Banks,Equity,
532189,India Tourism Development Corporati,ITDC,INDIA TOURISM DEVELOPMENT CORPORATION LTD.,Active,A ,10.00,INE353K01014,Hotels,Equity,
532209,Jammu and Kashmir Bank Ltd.,J&KBANK,JAMMU & KASHMIR BANK LTD.,Active,A ,1.00,INE168A01041,Banks,Equity,
532210,City Union Bank Ltd,CUB,CITY UNION BANK LTD.,Active,A ,1.00,INE491A01021,Banks,Equity,
532215,AXIS Bank Ltd.,AXISBANK,AXIS BANK LTD.,Active,A ,2.00,INE238A01034,Banks,Equity,
532218,South Indian Bank Ltd.,SOUTHBANK,SOUTH INDIAN BANK LTD.,Active,A ,1.00,INE683A01023,Banks,Equity,
532221,Sonata Software Ltd.,SONATSOFTW,SONATA SOFTWARE LTD.,Active,A ,1.00,INE269A01021,IT Consulting & Software,Equity,
532234,"National Aluminium Co. Ltd.,",NATIONALUM,NATIONAL ALUMINIUM CO.LTD.,Active,A ,5.00,INE139A01034,Aluminium,Equity,
532259,Apar Industries Ltd,APARINDS,APAR INDUSTRIES LTD.,Active,A ,10.00,INE372A01015,Other Elect.Equip./ Prod.,Equity,
532268,ACCELYA SOLUTIONS INDIA LIMITED,ACCELYA,Accelya Solutions India Ltd,Active,A ,10.00,INE793A01012,IT Consulting & Software,Equity,
532281,HCL Technologies Ltd,HCLTECH,HCL TECHNOLOGIES LTD.,Active,A ,2.00,INE860A01027,IT Consulting & Software,Equity,
532286,Jindal Steel & Power Ltd,JINDALSTEL,JINDAL STEEL & POWER LTD.,Active,A ,1.00,INE749A01030,Iron & Steel/Interm.Products,Equity,
532296,Glenmark Pharmaceuticals ltd,GLENMARK,GLENMARK PHARMACEUTICALS LTD.,Active,A ,1.00,INE935A01035,Pharmaceuticals,Equity,
532300,Wockhardt Ltd,WOCKPHARMA,WOCKHARDT LTD.,Active,A ,5.00,INE049B01025,Pharmaceuticals,Equity,
532301,Tata Coffee Ltd,TATACOFFEE,TATA COFFEE LTD.,Active,A ,1.00,INE493A01027,Tea & Coffee,Equity,
532309,GE Power India Limited,GEPIL,GE Power India Ltd,Active,A ,10.00,INE878A01011,Heavy Electrical Equipment,Equity,
532313,Mahindra Lifespace Developers Ltd.,MAHLIFE,MAHINDRA LIFESPACE DEVELOPERS LTD.,Active,A ,10.00,INE813A01018,Realty,Equity,
532321,Cadila Healthcare Ltd.,CADILAHC,CADILA HEALTHCARE LTD.,Active,A ,1.00,INE010B01027,Pharmaceuticals,Equity,
532331,Ajanta Pharma Ltd.,AJANTPHARM,AJANTA PHARMA LTD.,Active,A ,2.00,INE031B01049,Pharmaceuticals,Equity,
532343,TVS Motor Company Ltd.,TVSMOTOR,TVS MOTOR COMPANY LTD.,Active,A ,1.00,INE494B01023,2/3 Wheelers,Equity,
532345,Gati Limited,GATI,GATI LTD.,Active,A ,2.00,INE152B01027,Transportation - Logistics,Equity,
532349,Transport Corporation of India Ltd,TCI,TRANSPORT CORPORATION OF INDIA LTD.,Active,A ,2.00,INE688A01022,Surface Transportation,Equity,
532356,Triveni Engineering & Industries Ltd,TRIVENI,TRIVENI ENGINEERING & INDUSTRIES LTD.,Active,A ,1.00,INE256C01024,Sugar,Equity,
532369,Ramco Industries Ltd,RAMCOIND,RAMCO INDUSTRIES LTD.,Active,A ,1.00,INE614A01028,Construction Materials,Equity,
532370,Ramco Systems Ltd,RAMCOSYS,RAMCO SYSTEMS LTD.,Active,A ,10.00,INE246B01019,IT Consulting & Software,Equity,
532374,Sterlite Technologies Limited.,STLTECH,STERLITE TECHNOLOGIES LTD.,Active,A ,2.00,INE089C01029,Other Telecom Services,Equity,
532382,Balaji Telefilms Ltd.,BALAJITELE,BALAJI TELEFILMS LTD.,Active,A ,2.00,INE794B01026,Broadcasting & Cable TV,Equity,
532388,Indian Overseas Bank,IOB,INDIAN OVERSEAS BANK,Active,A ,10.00,INE565A01014,Banks,Equity,
532390,Taj GVK Hotels & Resorts Ltd.,TAJGVK,TAJGVK HOTELS & RESORTS LTD.,Active,A ,2.00,INE586B01026,Hotels,Equity,
532400,BIRLASOFT LIMITED,BSOFT,Birlasoft Ltd,Active,A ,2.00,INE836A01035,IT Consulting & Software,Equity,
532424,Godrej Consumer Products Ltd.,GODREJCP,GODREJ CONSUMER PRODUCTS LTD.,Active,A ,1.00,INE102D01028,Personal Products,Equity,
532430,BF Utilities Ltd.,BFUTILITIE,BF UTILITIES LTD.-$,Active,A ,5.00,INE243D01012,Electric Utilities,Equity,
532443,Cera Sanitaryware Ltd.,CERA,CERA SANITARYWARE LTD.,Active,A ,5.00,INE739E01017,Furniture-Furnishing-Paints,Equity,
532454,Bharti Airtel  Ltd.,BHARTIARTL,BHARTI AIRTEL LTD.,Active,A ,5.00,INE397D01024,Telecom Services,Equity,
532461,Punjab National Bank,PNB,PUNJAB NATIONAL BANK,Active,A ,2.00,INE160A01022,Banks,Equity,
532466,Oracle Financial Services Software Limited,OFSS,ORACLE FINANCIAL SERVICES SOFTWARE LTD.,Active,A ,5.00,INE881D01027,IT Consulting & Software,Equity,
532468,Kama Holdings Limited,KAMAHOLD,Kama Holdings Limited-$,Active,A ,10.00,INE411F01010,Holding Companies,Equity,
532475,Aptech Ltd.,APTECHT,APTECH LTD.,Active,A ,10.00,INE266F01018,IT Training Services,Equity,
532477,Union Bank of India,UNIONBANK,UNION BANK OF INDIA,Active,A ,10.00,INE692A01016,Banks,Equity,
532478,United Breweries Ltd.,UBL,UNITED BREWERIES LTD.-$,Active,A ,1.00,INE686F01025,Breweries & Distilleries,Equity,
532482,Granules India Ltd.,GRANULES,GRANULES INDIA LTD.-$,Active,A ,1.00,INE101D01020,Pharmaceuticals,Equity,
532483,Canara Bank,CANBK,CANARA BANK,Active,A ,10.00,INE476A01014,Banks,Equity,
532488,Divi's Laboratories Ltd.,DIVISLAB,DIVI'S LABORATORIES LTD.,Active,A ,2.00,INE361B01024,Pharmaceuticals,Equity,
532493,Astra Microwave Products Ltd.,ASTRAMICRO,ASTRA MICROWAVE PRODUCTS LTD.,Active,A ,2.00,INE386C01029,Defence,Equity,
532497,Radico Khaitan Ltd.,RADICO,RADICO KHAITAN LTD.,Active,A ,2.00,INE944F01028,Breweries & Distilleries,Equity,
532498,Shriram-City Union Finance Ltd.,SHRIRAMCIT,SHRIRAM CITY UNION FINANCE LTD.,Active,A ,10.00,INE722A01011,Finance (including NBFCs),Equity,
532500,Maruti Suzuki India  Ltd.,MARUTI,MARUTI SUZUKI INDIA LTD.,Active,A ,5.00,INE585B01010,Cars & Utility Vehicles,Equity,
532504,Navin Fluorine International Limited,NAVINFLUOR,Navin Fluorine International Limited-$,Active,A ,2.00,INE048G01026,Commodity Chemicals,Equity,
532505,UCO Bank,UCOBANK,UCO BANK,Active,A ,10.00,INE691A01018,Banks,Equity,
532508,Jindal Stainless Limited,JSL,JINDAL STAINLESS LTD.,Active,A ,2.00,INE220G01021,Iron & Steel/Interm.Products,Equity,
532509,Suprajit Engineering Ltd.,SUPRAJIT,SUPRAJIT ENGINEERING LTD.-$,Active,A ,1.00,INE399C01030,Auto Parts & Equipment,Equity,
532514,Indraprashtha Gas Ltd.,IGL,INDRAPRASTHA GAS LTD.,Active,A ,2.00,INE203G01027,Utilities:Non-Elec.,Equity,
532515,T.V.Today Network Limited,TVTODAY,TV TODAY NETWORK LTD.,Active,A ,5.00,INE038F01029,Broadcasting & Cable TV,Equity,
532522,PETRONET LNG LTD.,PETRONET,PETRONET LNG LTD.,Active,A ,10.00,INE347G01014,Oil Marketing & Distribution,Equity,
532523,Biocon Ltd.,BIOCON,BIOCON LTD.,Active,A ,5.00,INE376G01013,Biotechnology,Equity,
532524,PTC India Ltd,PTC,PTC INDIA LTD.,Active,A ,10.00,INE877F01012,Electric Utilities,Equity,
532525,Bank of maharashtra,MAHABANK,BANK OF MAHARASHTRA,Active,A ,10.00,INE457A01014,Banks,Equity,
532527,ramkrishna forgings Ltd.,RKFORGE,RAMKRISHNA FORGINGS LTD.,Active,A ,10.00,INE399G01015,Other Industrial Products,Equity,
532531,STRIDES PHARMA SCIENCE LIMITED,STAR,Strides Pharma Science Ltd,Active,A ,10.00,INE939A01011,Pharmaceuticals,Equity,
532538,UltraTech Cement Ltd,ULTRACEMCO,ULTRATECH CEMENT LTD.,Active,A ,10.00,INE481G01011,Cement & Cement Products,Equity,
532539,Minda Industries Ltd.,MINDAIND,MINDA INDUSTRIES LTD.-$,Active,A ,2.00,INE405E01023,Auto Parts & Equipment,Equity,
532540,Tata Consultancy Services Ltd.,TCS,TATA CONSULTANCY SERVICES LTD.,Active,A ,1.00,INE467B01029,IT Consulting & Software,Equity,
532541,COFORGE LIMITED,COFORGE,Coforge Ltd,Active,A ,10.00,INE591G01017,IT Consulting & Software,Equity,
532548,Century Plyboards (India) Ltd.,CENTURYPLY,CENTURY PLYBOARDS (I) LTD.-$,Active,A ,1.00,INE348B01021,Forest Products,Equity,
532553,Welspun Enterprises Limited,WELENT,Welspun Enterprises Ltd,Active,A ,10.00,INE625G01013,Construction & Engineering,Equity,
532555,NTPC Limited,NTPC,NTPC LTD.,Active,A ,10.00,INE733E01010,Electric Utilities,Equity,
532610,Dwarikesh Sugar Industries Ltd.,DWARKESH,DWARIKESH SUGAR INDUSTRIES LTD.,Active,A ,1.00,INE366A01041,Sugar,Equity,
532612,Indoco Remedies Ltd.,INDOCO,INDOCO REMEDIES LTD.,Active,A ,2.00,INE873D01024,Pharmaceuticals,Equity,
532638,Shoppers Stop Ltd,SHOPERSTOP,SHOPPERS STOP LTD.,Active,A ,5.00,INE498B01024,Department Stores,Equity,
532642,JSW Holdings Limited,JSWHL,JSW Holdings Limited,Active,A ,10.00,INE824G01012,Holding Companies,Equity,
532644,J.K. CEMENT LTD,JKCEMENT,J.K.CEMENT LTD.,Active,A ,10.00,INE823G01014,Cement & Cement Products,Equity,
532648,Yes Bank Ltd.,YESBANK,YES BANK LTD.,Active,A ,2.00,INE528G01035,Banks,Equity,
532652,Karnataka Bank Ltd.,KTKBANK,KARNATAKA BANK LTD.,Active,A ,10.00,INE614B01018,Banks,Equity,
532659,IDFC LIMITED,IDFC,IDFC LIMITED,Active,A ,10.00,INE043D01016,Finance (including NBFCs),Equity,
532663,Sasken Technologies Limited,SASKEN,Sasken Technologies Ltd,Active,A ,10.00,INE231F01020,IT Consulting & Software,Equity,
532667,SUZLON ENERGY LTD.,SUZLON,SUZLON ENERGY LTD.,Active,A ,2.00,INE040H01021,Heavy Electrical Equipment,Equity,
532683,AIA Engineering Ltd.,AIAENG,AIA ENGINEERING LTD.,Active,A ,2.00,INE212H01026,Other Industrial Goods,Equity,
532689,PVR Ltd.,PVR,PVR LTD.,Active,A ,10.00,INE191H01014,Specialty Retail,Equity,
532702,Gujarat State Petronet Ltd.,GSPL,GUJARAT STATE PETRONET LTD.,Active,A ,10.00,INE246F01010,Utilities:Non-Elec.,Equity,
532705,Jagran Prakashan Limited,JAGRAN*,JAGRAN PRAKASHAN LTD.,Active,A ,2.00,INE199G01027,Publishing,Equity,
532706,Inox Leisure Limited,INOXLEISUR,INOX LEISURE LTD.,Active,A ,10.00,INE312H01016,Specialty Retail,Equity,
532710,Sadbhav Engineering Ltd.,SADBHAV,SADBHAV ENGINEERING LTD.,Active,A ,1.00,INE226H01026,Construction & Engineering,Equity,
532714,KEC International Ltd.,KEC,KEC INTERNATIONAL LTD.,Active,A ,2.00,INE389H01022,Heavy Electrical Equipment,Equity,
532720,Mahindra & Mahindra Financial Services Limited,M&MFIN,MAHINDRA & MAHINDRA FINANCIAL SERVICES LTD.,Active,A ,2.00,INE774D01024,Finance (including NBFCs),Equity,
532725,Solar Industries India Limited,SOLARINDS,SOLAR INDUSTRIES INDIA LTD.,Active,A ,2.00,INE343H01029,Specialty Chemicals,Equity,
532733,SUN TV NETWORK LIMITED,SUNTV,SUN TV NETWORK LTD.,Active,A ,5.00,INE424H01027,Broadcasting & Cable TV,Equity,
532735,R Systems International Limited,RSYSTEMINT,R Systems International Limited,Active,A ,1.00,INE411H01032,IT Consulting & Software,Equity,
532749,Allcargo Logistics Ltd,ALLCARGO,ALLCARGO LOGISTICS LTD.,Active,A ,2.00,INE418H01029,Transportation - Logistics,Equity,
532754,GMR Infrastructure Limited,GMRINFRA,GMR INFRASTRUCTURE LTD.,Active,A ,1.00,INE776C01039,Airport Services,Equity,
532755,Tech Mahindra Limited,TECHM,TECH MAHINDRA LTD.,Active,A ,5.00,INE669C01036,IT Consulting & Software,Equity,
532756,Mahindra CIE Automotive Limited,MAHINDCIE,Mahindra CIE Automotive Limited,Active,A ,10.00,INE536H01010,Other Industrial Products,Equity,
532757,VOLTAMP TRANSFORMERS LIMITED,VOLTAMP,VOLTAMP TRANSFORMERS LTD.,Active,A ,10.00,INE540H01012,Heavy Electrical Equipment,Equity,
532762,Action Construction Equipments Ltd.,ACE,ACTION CONSTRUCTION EQUIPMENT LTD.,Active,A ,2.00,INE731H01025,Transport Related Services,Equity,
532772,DCB Bank Limited,DCBBANK,DCB Bank Limited,Active,A ,10.00,INE503A01015,Banks,Equity,
532777,Info Edge(India) Ltd.,NAUKRI,INFO EDGE (INDIA) LTD.,Active,A ,10.00,INE663F01024,Internet & Catalogue Retail,Equity,
532779,TORRENT POWER LIMITED,TORNTPOWER,TORRENT POWER LTD.,Active,A ,10.00,INE813H01021,Electric Utilities,Equity,
532783,LT Foods Limited,DAAWAT,LT FOODS LTD.,Active,A ,1.00,INE818H01020,Packaged Foods,Equity,
532784,Sobha Limited,SOBHA,Sobha Limited,Active,A ,10.00,INE671H01015,Realty,Equity,
532798,Network 18 Media & Investments Limited,NETWORK18,NETWORK18 MEDIA & INVESTMENTS LTD.,Active,A ,5.00,INE870H01013,Advertising & Media,Equity,
532800,TV18 Broadcast Ltd.,TV18BRDCST,TV18 BROADCAST LTD.,Active,A ,2.00,INE886H01027,Broadcasting & Cable TV,Equity,
532805,Redington (India) ltd.,REDINGTON,REDINGTON (INDIA) LTD.,Active,A ,2.00,INE891D01026,Comm.Trading  & Distribution,Equity,
532809,Firstsource Solutions Ltd.,FSL,FIRSTSOURCE SOLUTIONS LTD.,Active,A ,10.00,INE684F01012,BPO/KPO,Equity,
532810,Power Finance Corporation Ltd,PFC,POWER FINANCE CORPORATION LTD.,Active,A ,10.00,INE134E01011,Finance (including NBFCs),Equity,
532811,Ahluwalia Contracts (India) Ltd,AHLUCONT,AHLUWALIA CONTRACTS (INDIA) LTD.,Active,A ,2.00,INE758C01029,Realty,Equity,
532814,Indian Bank,INDIANB,INDIAN BANK,Active,A ,10.00,INE562A01011,Banks,Equity,
532819,MindTree  Limited,MINDTREE,MINDTREE LTD.,Active,A ,10.00,INE018I01017,IT Consulting & Software,Equity,
532822,VODAFONE IDEA LIMITED,IDEA,Vodafone Idea Ltd,Active,A ,10.00,INE669E01016,Telecom Services,Equity,
532827,Page Industries Ltd.,PAGEIND,PAGE INDUSTRIES LTD.,Active,A ,10.00,INE761H01022,Other Apparels & Accessories,Equity,
532830,ASTRAL LIMITED,ASTRAL,Astral Ltd,Active,A ,1.00,INE006I01046,Plastic Products,Equity,
532832,Indiabulls Real Estate Limited,IBREALEST,INDIABULLS REAL ESTATE LTD.,Active,A ,2.00,INE069I01010,Realty,Equity,
532834,Camlin Fine Sciences Ltd,CAMLINFINE,CAMLIN FINE SCIENCES LTD.,Active,A ,1.00,INE052I01032,Specialty Chemicals,Equity,
532835,ICRA Limited,ICRA,ICRA LTD.,Active,A ,10.00,INE725G01011,Other Financial Services,Equity,
532839,Dish TV India Limited,DISHTV,DISH TV INDIA LTD.,Active,A ,1.00,INE836F01026,Broadcasting & Cable TV,Equity,
532843,Fortis Healthcare Ltd,FORTIS,FORTIS HEALTHCARE LTD.,Active,A ,10.00,INE061F01013,Healthcare Facilities,Equity,
532848,Delta Corp Limited,DELTACORP,DELTA CORP LTD.,Active,A ,1.00,INE124G01033,Diversified Commercial Services,Equity,
532851,Insecticides India Ltd.,INSECTICID*,INSECTICIDES (INDIA) LTD.,Active,A ,10.00,INE070I01018,Agrochemicals,Equity,
532856,Time Technoplast Limited,TIMETECHNO,TIME TECHNOPLAST LTD.,Active,A ,1.00,INE508G01029,Plastic Products,Equity,
532868,DLF LIMITED,DLF,DLF LTD.,Active,A ,2.00,INE271C01023,Realty,Equity,
532872,Sun Pharma Advanced Research Company Ltd.,SPARC,SUN PHARMA ADVANCED RESEARCH COMPANY LTD.,Active,A ,1.00,INE232I01014,Pharmaceuticals,Equity,
532880,OMAXE LIMITED,OMAXE,OMAXE LTD.,Active,A ,10.00,INE800H01010,Realty,Equity,
532885,Central Bank of India,CENTRALBK,CENTRAL BANK OF INDIA,Active,A ,10.00,INE483A01010,Banks,Equity,
532888,ASIAN GRANITO INDIA LIMITED,ASIANTILES,ASIAN GRANITO INDIA LTD.,Active,A ,10.00,INE022I01019,Furniture-Furnishing-Paints,Equity,
532889,K.P.R. Mill Ltd.,KPRMILL,K.P.R. Mill Limited,Active,A ,5.00,INE930H01023,Textiles,Equity,
532890,Take Solutions Ltd,TAKE,TAKE SOLUTIONS LTD.,Active,A ,1.00,INE142I01023,Pharmaceuticals,Equity,
532892,Motilal Oswal Financial Services Limited,MOTILALOFS,MOTILAL OSWAL FINANCIAL SERVICES LTD.,Active,A ,1.00,INE338I01027,Finance (including NBFCs),Equity,
532898,POWER GRID CORPORATION OF INDIA LIMITED,POWERGRID,POWER GRID CORPORATION OF INDIA LTD.,Active,A ,10.00,INE752E01010,Electric Utilities,Equity,
532899,Kaveri Seed Company Ltd,KSCL,KAVERI SEED COMPANY LTD.,Active,A ,2.00,INE455I01029,Other Agricultural Products,Equity,
532900,PAISALO DIGITAL LIMITED,PAISALO,Paisalo Digital Ltd,Active,A ,10.00,INE420C01042,Finance (including NBFCs),Equity,
532915,Religare Enterprises Ltd,RELIGARE,RELIGARE ENTERPRISES LTD.,Active,A ,10.00,INE621H01010,Other Financial Services,Equity,
532921,Adani Ports and Special Economic Zone Ltd,ADANIPORTS,ADANI PORTS AND SPECIAL ECONOMIC ZONE LTD.,Active,A ,2.00,INE742F01042,Marine Port & Services,Equity,
532922,Edelweiss Financial Services Ltd.,EDELWEISS,Edelweiss Financial Services Ltd.,Active,A ,1.00,INE532F01054,Other Financial Services,Equity,
532924,Kolte-Patil Developers Ltd,KOLTEPATIL,KOLTE-PATIL DEVELOPERS LTD.,Active,A ,10.00,INE094I01018,Realty,Equity,
532926,JYOTHY LABS LIMITED,JYOTHYLAB,Jyothy Labs Ltd,Active,A ,1.00,INE668F01031,Household Products,Equity,
532929,Brigade Enterprises Limited,BRIGADE,BRIGADE ENTERPRISES LTD.,Active,A ,10.00,INE791I01019,Realty,Equity,
532940,J. Kumar Infraprojects Limited,JKIL,J.KUMAR INFRAPROJECTS LTD.,Active,A ,5.00,INE576I01022,Construction & Engineering,Equity,
532942,KNR Constructions Limited,KNRCON,KNR CONSTRUCTIONS LTD.,Active,A ,2.00,INE634I01029,Construction & Engineering,Equity,
532947,IRB Infrastructure Developers Limited,IRB,IRB INFRASTRUCTURE DEVELOPERS LTD.,Active,A ,10.00,INE821I01014,Roads & Highways,Equity,
532953,V-Guard Industries Ltd.,VGUARD,V-GUARD INDUSTRIES LTD.,Active,A ,1.00,INE951I01027,Other Elect.Equip./ Prod.,Equity,
532955,REC LIMITED,RECLTD,REC Ltd,Active,A ,10.00,INE020B01018,Finance (including NBFCs),Equity,
532966,Titagarh Wagons Ltd,TWL,TITAGARH WAGONS LTD.,Active,A ,2.00,INE615H01020,Commercial Vehicles,Equity,
532967,KIRI INDUSTRIES LIMITED,KIRIINDUS,KIRI INDUSTRIES LTD.,Active,A ,10.00,INE415I01015,Specialty Chemicals,Equity,
532977,Bajaj Auto Limited,BAJAJ-AUTO,BAJAJ AUTO LTD.,Active,A ,10.00,INE917I01010,2/3 Wheelers,Equity,
532978,Bajaj Finserv Limited,BAJAJFINSV,BAJAJ FINSERV LTD.,Active,A ,5.00,INE918I01018,Holding Companies,Equity,
533023,WABCO India Ltd,WABCOINDIA,WABCO INDIA LTD.,Active,A ,5.00,INE342J01019,Auto Parts & Equipment,Equity,
533033,ISGEC Heavy Engineering Limited,ISGEC,ISGEC Heavy Engineering Ltd,Active,A ,1.00,INE858B01029,Industrial Machinery,Equity,
533080,Mold-Tek Packaging Limited,MOLDTKPAC,Mold-Tek Packaging Limited,Active,A ,5.00,INE893J01029,Containers & Packaging,Equity,
533088,Mahindra Holidays & Resorts India Limited,MHRIL,MAHINDRA HOLIDAYS & RESORTS INDIA LTD.,Active,A ,10.00,INE998I01010,Hotels,Equity,
533098,NHPC Limited,NHPC,NHPC LTD.,Active,A ,10.00,INE848E01016,Electric Utilities,Equity,
533106,Oil India Limited,OIL,OIL INDIA LTD.,Active,A ,10.00,INE274J01014,Exploration & Production,Equity,
533137,DEN Networks Limited,DEN,Den Networks Ltd,Active,A ,10.00,INE947J01015,Broadcasting & Cable TV,Equity,
533138,ASTEC LIFESCIENCES LIMITED,ASTEC,ASTEC LIFESCIENCES LIMITED,Active,A ,10.00,INE563J01010,Agrochemicals,Equity,
533148,JSW Energy Limited,JSWENERGY,JSW Energy Ltd,Active,A ,10.00,INE121E01018,Electric Utilities,Equity,
533150,Godrej Properties Limited,GODREJPROP,Godrej Properties Ltd,Active,A ,5.00,INE484J01027,Realty,Equity,
533151,D.B.Corp Limited,DBCORP,D B Corp Ltd,Active,A ,10.00,INE950I01011,Publishing,Equity,
533155,Jubilant Foodworks Limited,JUBLFOOD,Jubilant FoodWorks Ltd,Active,A ,10.00,INE797F01012,Restaurants,Equity,
533162,Hathway Cable & Datacom Limited,HATHWAY,Hathway Cable & Datacom Ltd,Active,A ,2.00,INE982F01036,Broadcasting & Cable TV,Equity,
533179,Persistent Systems Limited,PERSISTENT,PERSISTENT SYSTEMS LTD.,Active,A ,10.00,INE262H01013,IT Consulting & Software,Equity,
533206,SJVN LIMITED,SJVN,SJVN Ltd,Active,A ,10.00,INE002L01015,Electric Utilities,Equity,
533229,BAJAJ CONSUMER CARE LIMITED,BAJAJCON,Bajaj Consumer Care Ltd,Active,A ,1.00,INE933K01021,Personal Products,Equity,
533248,Gujarat Pipavav Port Limited,GPPL,GUJARAT PIPAVAV PORT LTD.,Active,A ,10.00,INE517F01014,Marine Port & Services,Equity,
533269,VA Tech Wabag Limited,WABAG,VA TECH WABAG LTD.,Active,A ,2.00,INE956G01038,Utilities:Non-Elec.,Equity,
533271,Ashoka Buildcon Limited,ASHOKA,ASHOKA BUILDCON LTD.,Active,A ,5.00,INE442H01029,Roads & Highways,Equity,
533273,OBEROI REALTY LIMITED,OBEROIRLTY,OBEROI REALTY LTD.,Active,A ,10.00,INE093I01010,Realty,Equity,
533274,Prestige Estates Projects Limited,PRESTIGE,PRESTIGE ESTATES PROJECTS LTD.,Active,A ,10.00,INE811K01011,Realty,Equity,
533278,Coal India Limited,COALINDIA,COAL INDIA LTD.,Active,A ,10.00,INE522F01014,Coal,Equity,
533286,MOIL Limited,MOIL,MOIL LTD.,Active,A ,10.00,INE490G01020,Mining,Equity,
533293,Kirloskar Oil Engines Limited,KIRLOSENG,KIRLOSKAR OIL ENGINES LTD.,Active,A ,2.00,INE146L01010,Auto Parts & Equipment,Equity,
533303,BF Investment Limited,BFINVEST,BF INVESTMENT LTD.,Active,A ,5.00,INE878K01010,Holding Companies,Equity,
533326,Texmaco Rail & Engineering Limited,TEXRAIL,TEXMACO RAIL & ENGINEERING LTD.,Active,A ,1.00,INE621L01012,Construction & Engineering,Equity,
533344,PTC India Financial Services Limited,PFS,PTC INDIA FINANCIAL SERVICES LTD.,Active,A ,10.00,INE560K01014,Finance (including NBFCs),Equity,
533398,MUTHOOT FINANCE LIMITED,MUTHOOTFIN,MUTHOOT FINANCE LTD.,Active,A ,10.00,INE414G01012,Finance (including NBFCs),Equity,
533400,Future Consumer Limited,FCONSUMER,Future Consumer Ltd,Active,A ,6.00,INE220J01025,Packaged Foods,Equity,
533519,L&T FINANCE HOLDINGS LIMITED,L&TFH,L&T FINANCE HOLDINGS LTD.,Active,A ,10.00,INE498L01015,Holding Companies,Equity,
533552,RUPA & COMPANY LIMITED,RUPA,RUPA & COMPANY LTD.,Active,A ,1.00,INE895B01021,Other Apparels & Accessories,Equity,
533573,ALEMBIC PHARMACEUTICALS LIMITED,APLLTD,ALEMBIC PHARMACEUTICALS LTD.,Active,A ,2.00,INE901L01018,Pharmaceuticals,Equity,
533655,Triveni Turbine Limited,TRITURBINE,TRIVENI TURBINE LTD.,Active,A ,1.00,INE152M01016,Heavy Electrical Equipment,Equity,
533758,APL Apollo Tubes Limited,APLAPOLLO,APL APOLLO TUBES LTD.,Active,A ,2.00,INE702C01027,Iron & Steel Products,Equity,
534076,RHI MAGNESITA INDIA LIMITED,RHIM,Rhi Magnesita India Ltd,Active,A ,1.00,INE743M01012,Other Industrial Goods,Equity,
534091,Multi Commodity Exchange of India Ltd,MCX,MULTI COMMODITY EXCHANGE OF INDIA LTD.,Active,A ,10.00,INE745G01035,Investment Companies,Equity,
534139,SCHNEIDER ELECTRIC INFRASTRUCTURE LIMITED,SCHNEIDER,SCHNEIDER ELECTRIC INFRASTRUCTURE LTD.,Active,A ,2.00,INE839M01018,Heavy Electrical Equipment,Equity,
534309,NBCC (India) Limited,NBCC,NBCC (India) Ltd,Active,A ,1.00,INE095N01031,Construction & Engineering,Equity,
534758,Cigniti Technologies Ltd,CIGNITI,CIGNITI TECHNOLOGIES LTD.,Active,A ,10.00,INE675C01017,IT Consulting & Software,Equity,
534804,CARE Ratings Limited,CARERATING,CARE Ratings Ltd,Active,A ,10.00,INE752H01013,Other Financial Services,Equity,
534809,PC JEWELLER LIMITED,PCJEWELLER,PC JEWELLER LTD.,Active,A ,10.00,INE785M01013,Other Apparels & Accessories,Equity,
534816,INDUS TOWERS LIMITED,INDUSTOWER,Indus Towers Ltd,Active,A ,10.00,INE121J01017,Other Telecom Services,Equity,
534976,V-Mart Retail Limited,VMART,V-MART RETAIL LTD.,Active,A ,10.00,INE665J01013,Department Stores,Equity,
535322,Repco Home Finance Limited,REPCOHOME,REPCO HOME FINANCE LTD.,Active,A ,10.00,INE612J01015,Housing Finance ,Equity,
535648,Just Dial Limited,JUSTDIAL,JUST DIAL LTD.,Active,A ,10.00,INE599M01018,Publishing,Equity,
535754,ORIENT CEMENT LIMITED,ORIENTCEM,Orient Cement Ltd,Active,A ,1.00,INE876N01018,Cement & Cement Products,Equity,
535755,Aditya Birla Fashion and Retail Limited,ABFRL,Aditya Birla Fashion and Retail Ltd,Active,A ,10.00,INE647O01011,Department Stores,Equity,
535789,INDIABULLS HOUSING FINANCE LIMITED,IBULHSGFIN,Indiabulls Housing Finance Ltd,Active,A ,2.00,INE148I01020,Housing Finance ,Equity,
536507,Future Lifestyle Fashions Limited,FLFL,Future Lifestyle Fashions Ltd,Active,A ,2.00,INE452O01016,Department Stores,Equity,
537291,Nath Biogene India Ltd.,NATHBIOGEN,Nath Bio-Genes (India) Ltd,Active,A ,10.00,INE448G01010,Other Agricultural Products,Equity,
538268,Wonderla Holidays Limited,WONDERLA,Wonderla Holidays Ltd,Active,A ,10.00,INE066O01014,Other Leisure Facilities,Equity,
538566,APOLLO TRICOAT TUBES LIMITED,APOLLOTRI,Apollo Tricoat Tubes Ltd,Active,A ,2.00,INE919P01029,Comm.Trading  & Distribution,Equity,
538567,Gulf Oil Lubricants India Limited,GULFOILLUB,Gulf Oil Lubricants India Ltd,Active,A ,2.00,INE635Q01029,Oil Marketing & Distribution,Equity,
538635,SNOWMAN LOGISTICS LIMITED,SNOWMAN,Snowman Logistics Ltd,Active,A ,10.00,INE734N01019,Transportation - Logistics,Equity,
538666,Sharda Cropchem Limited,SHARDACROP,Sharda Cropchem Ltd,Active,A ,10.00,INE221J01015,Agrochemicals,Equity,
538835,INTELLECT DESIGN ARENA LIMITED,INTELLECT,Intellect Design Arena Ltd,Active,A ,5.00,INE306R01017,IT Software Products,Equity,
538962,Minda Corporation Limited,MINDACORP,Minda Corporation Ltd,Active,A ,2.00,INE842C01021,Auto Parts & Equipment,Equity,
539118,VRL Logistics Limited,VRLLOG,VRL Logistics Ltd,Active,A ,10.00,INE366I01010,Transportation - Logistics,Equity,
539150,PNC Infratech Limited,PNCINFRA,PNC Infratech Ltd,Active,A ,2.00,INE195J01029,Roads & Highways,Equity,
539201,SATIA INDUSTRIES LIMITED,SATIA,Satia Industries Ltd,Active,A ,1.00,INE170E01023,Paper & Paper Products,Equity,
539268,Syngene International Limited,SYNGENE,Syngene International Ltd,Active,A ,10.00,INE398R01022,Pharmaceuticals,Equity,
539289,MAJESCO LIMITED,MJCO,Majesco Ltd,Active,A ,5.00,INE898S01029,IT Consulting & Software,Equity,
539302,Power Mech Projects Limited,POWERMECH,Power Mech Projects Ltd,Active,A ,10.00,INE211R01019,Construction & Engineering,Equity,
539336,Gujarat Gas Limited,GUJGAS,Gujarat Gas Ltd,Active,A ,2.00,INE844O01030,Integrated Oil & Gas,Equity,
539404,SATIN CREDITCARE NETWORK LIMITED,SATIN,Satin Creditcare Network Ltd,Active,A ,10.00,INE836B01017,Finance (including NBFCs),Equity,
539437,IDFC FIRST BANK LIMITED,IDFCFIRSTB,IDFC First Bank Ltd,Active,A ,10.00,INE092T01019,Banks,Equity,
539448,InterGlobe Aviation Limited,INDIGO,InterGlobe Aviation Ltd,Active,A ,10.00,INE646L01027,Airlines,Equity,
539450,S H Kelkar and Company Limited,SHK,S H Kelkar and Company Ltd,Active,A ,10.00,INE500L01026,Personal Products,Equity,
539523,Alkem Laboratories Limited,ALKEM,Alkem Laboratories Ltd,Active,A ,2.00,INE540L01014,Pharmaceuticals,Equity,
539524,Dr. Lal Pathlabs Limited,LALPATHLAB,Dr. Lal PathLabs Ltd,Active,A ,10.00,INE600L01024,Healthcare Services,Equity,
539542,LUX Industries Limited,LUXIND,Lux Industries Ltd,Active,A ,2.00,INE150G01020,Other Apparels & Accessories,Equity,
539551,Narayana Hrudayalaya Limited,NH,Narayana Hrudayalaya Ltd,Active,A ,10.00,INE410P01011,Healthcare Facilities,Equity,
539597,Jindal Stainless (Hisar) Limited,JSLHISAR,Jindal Stainless (Hisar) Ltd,Active,A ,2.00,INE455T01018,Iron & Steel Products,Equity,
539658,TeamLease Services Limited,TEAMLEASE,TeamLease Services Ltd,Active,A ,10.00,INE985S01024,Sp.Consumer Services,Equity,
539678,Quick Heal Technologies Limited,QUICKHEAL,Quick Heal Technologies Ltd,Active,A ,10.00,INE306L01010,IT Software Products,Equity,
539787,HealthCare Global Enterprises Limited,HCG,HealthCare Global Enterprises Ltd,Active,A ,10.00,INE075I01017,Healthcare Facilities,Equity,
539807,INFIBEAM AVENUES LIMITED,INFIBEAM,Infibeam Avenues Ltd,Active,A ,1.00,INE483S01020,Internet Software & Services,Equity,
539844,Equitas Holdings Limited,EQUITAS,Equitas Holdings Ltd,Active,A ,10.00,INE988K01017,Holding Companies,Equity,
539871,Thyrocare Technologies Limited,THYROCARE,Thyrocare Technologies Ltd,Active,A ,10.00,INE594H01019,Healthcare Services,Equity,
539874,Ujjivan Financial Services Limited,UJJIVAN,Ujjivan Financial Services Ltd,Active,A ,10.00,INE334L01012,Finance (including NBFCs),Equity,
539876,Crompton Greaves Consumer Electricals Limited,CROMPTON,Crompton Greaves Consumer Electricals Ltd,Active,A ,2.00,INE299U01018,Household Appliances,Equity,
539883,Pilani Investment And Industries Corporation Limited,PILANIINVS,Pilani Investment and Industries Corporation Ltd,Active,A ,10.00,INE417C01014,Holding Companies,Equity,
539889,Parag Milk Foods Limited,PARAGMILK,Parag Milk Foods Ltd,Active,A ,10.00,INE883N01014,Packaged Foods,Equity,
539957,Mahanagar Gas Limited,MGL,Mahanagar Gas Ltd,Active,A ,10.00,INE002S01010,Utilities:Non-Elec.,Equity,
539978,Quess Corp Limited,QUESS,Quess Corp Ltd,Active,A ,10.00,INE615P01015,Diversified,Equity,
540005,Larsen & Toubro Infotech Limited,LTI,Larsen & Toubro Infotech Ltd,Active,A ,1.00,INE214T01019,IT Consulting & Software,Equity,
540025,Advanced Enzyme Technologies Limited,ADVENZYMES,Advanced Enzyme Technologies Ltd,Active,A ,2.00,INE837H01020,Other Agricultural Products,Equity,
540047,Dilip Buildcon Limited,DBL,Dilip Buildcon Ltd,Active,A ,10.00,INE917M01012,Roads & Highways,Equity,
540064,Future Retail Ltd.,FRETAIL,Future Retail Ltd,Active,A ,2.00,INE752P01024,Department Stores,Equity,
540065,RBL Bank Limited,RBLBANK,RBL Bank Ltd,Active,A ,10.00,INE976G01028,Banks,Equity,
540115,L&T Technology Services Limited,LTTS,L&T Technology Services Ltd,Active,A ,2.00,INE010V01017,Internet Software & Services,Equity,
540133,ICICI Prudential Life Insurance Company Limited,ICICIPRULI,ICICI Prudential Life Insurance Company Ltd,Active,A ,10.00,INE726G01019,Life Insurance,Equity,
540153,Endurance Technologies Limited,ENDURANCE,Endurance Technologies Ltd,Active,A ,10.00,INE913H01037,Auto Parts & Equipment,Equity,
540180,Varun Beverages Limited,VBL,Varun Beverages Ltd,Active,A ,10.00,INE200M01013,Non-alcoholic Beverages,Equity,
540203,Sheela Foam Limited,SFL,Sheela Foam Ltd,Active,A ,5.00,INE916U01025,Furniture-Furnishing-Paints,Equity,
540212,TCI Express Limited,TCIEXP,TCI Express Ltd,Active,A ,2.00,INE586V01016,Transportation - Logistics,Equity,
540222,Laurus Labs Limited,LAURUSLABS,Laurus Labs Ltd,Active,A ,2.00,INE947Q01028,Pharmaceuticals,Equity,
540293,Pricol Limited,PRICOLLTD,Pricol Ltd,Active,A ,1.00,INE726V01018,Auto Parts & Equipment,Equity,
540376,Avenue Supermarts Limited,DMART,Avenue Supermarts Ltd,Active,A ,10.00,INE192R01011,Department Stores,Equity,
540425,Shankara Building Products Limited,SHANKARA,Shankara Building Products Ltd,Active,A ,10.00,INE274V01019,Iron & Steel Products,Equity,
540530,Housing &Urban Development Corporation Ltd.,HUDCO,Housing & Urban Development Corporation Ltd,Active,A ,10.00,INE031A01017,Housing Finance ,Equity,
540544,PSP Projects Limited,PSPPROJECT,PSP Projects Ltd,Active,A ,10.00,INE488V01015,Construction & Engineering,Equity,
540575,Star Cement Limited,STARCEMENT,Star Cement Ltd,Active,A ,1.00,INE460H01021,Cement & Cement Products,Equity,
540596,Eris Lifesciences Limited,ERIS,Eris Lifesciences Ltd,Active,A ,1.00,INE406M01024,Pharmaceuticals,Equity,
540611,AU Small Finance Bank Limited,AUBANK,AU Small Finance Bank Ltd,Active,A ,10.00,INE949L01017,Banks,Equity,
540673,SIS LIMITED,SIS,SIS Ltd,Active,A ,5.00,INE285J01028,Sp.Consumer Services,Equity,
540678,Cochin Shipyard Limited,COCHINSHIP,Cochin Shipyard Ltd,Active,A ,10.00,INE704P01017,Shipping,Equity,
540691,Aditya Birla Capital Ltd,ABCAPITAL,Aditya Birla Capital Ltd,Active,A ,10.00,INE674K01013,Holding Companies,Equity,
540692,Apex Frozen Foods Limited,APEX,Apex Frozen Foods Ltd,Active,A ,10.00,INE346W01013,Packaged Foods,Equity,
540699,Dixon Technologies (India) Limited,DIXON,Dixon Technologies (India) Ltd,Active,A ,2.00,INE935N01020,Consumer Electronics,Equity,
540701,Dishman Carbogen Amcis Limited,DCAL,Dishman Carbogen Amcis Ltd,Active,A ,2.00,INE385W01011,Pharmaceuticals,Equity,
540716,ICICI Lombard General Insurance Company Limited ,ICICIGI,ICICI Lombard General Insurance Company Ltd,Active,A ,10.00,INE765G01017,General Insurance,Equity,
540719,SBI Life Insurance Company Limited,SBILIFE,SBI Life Insurance Company Ltd,Active,A ,10.00,INE123W01016,Life Insurance,Equity,
540724,Prataap Snacks Limited,DIAMONDYD,Prataap Snacks Ltd,Active,A ,5.00,INE393P01035,Packaged Foods,Equity,
540743,Godrej Agrovet Limited,GODREJAGRO,Godrej Agrovet Ltd,Active,A ,10.00,INE850D01014,Other Agricultural Products,Equity,
540749,MAS Financial Services Limited,MASFIN,MAS Financial Services Ltd,Active,A ,10.00,INE348L01012,Finance (including NBFCs),Equity,
540750,Indian Energy Exchange Limited,IEX,Indian Energy Exchange Ltd,Active,A ,1.00,INE022Q01020,Electric Utilities,Equity,
540755,General Insurance Corporation of India,GICRE,General Insurance Corporation of India,Active,A ,5.00,INE481Y01014,General Insurance,Equity,
540762,Tube Investments of India Ltd,TIINDIA,Tube Investments of India Ltd,Active,A ,1.00,INE974X01010,Auto Parts & Equipment,Equity,
540767,NIPPON LIFE INDIA ASSET MANAGEMENT LIMITED,NAM-INDIA,Nippon Life India Asset Management Ltd,Active,A ,10.00,INE298J01013,Asset Management Cos.,Equity,
540768,Mahindra Logistics Limited,MAHLOG,Mahindra Logistics Ltd,Active,A ,10.00,INE766P01016,Transportation - Logistics,Equity,
540769,The New India Assurance Company Limited,NIACL,The New India Assurance Company Ltd,Active,A ,5.00,INE470Y01017,General Insurance,Equity,
540777,HDFC LIFE INSURANCE COMPANY LIMITED,HDFCLIFE,HDFC Life Insurance Company Ltd,Active,A ,10.00,INE795G01014,Life Insurance,Equity,
540902,Amber Enterprises India Limited,AMBER,Amber Enterprises India Ltd,Active,A ,10.00,INE371P01015,Consumer Electronics,Equity,
540935,Galaxy Surfactants Limited,GALAXYSURF,Galaxy Surfactants Ltd,Active,A ,10.00,INE600K01018,Specialty Chemicals,Equity,
540975,Aster DM Healthcare Limited,ASTERDM,Aster DM Healthcare Ltd,Active,A ,10.00,INE914M01019,Healthcare Services,Equity,
541019,H.G. Infra Engineering Limited,HGINFRA,H.G. Infra Engineering Ltd,Active,A ,10.00,INE926X01010,Construction & Engineering,Equity,
541143,Bharat Dynamics Limited,BDL,Bharat Dynamics Ltd,Active,A ,10.00,INE171Z01018,Defence,Equity,
541153,Bandhan Bank Limited,BANDHANBNK,Bandhan Bank Ltd,Active,A ,10.00,INE545U01014,Banks,Equity,
541154,Hindustan Aeronautics Limited,HAL,Hindustan Aeronautics Ltd,Active,A ,10.00,INE066F01012,Aerospace,Equity,
541179,ICICI Securities Limited,ISEC,ICICI Securities Ltd,Active,A ,5.00,INE763G01038,Other Financial Services,Equity,
541195,Mishra Dhatu Nigam Limited,MIDHANI,Mishra Dhatu Nigam Ltd,Active,A ,10.00,INE099Z01011,Iron & Steel Products,Equity,
541233,Lemon Tree Hotels Limited,LEMONTREE,Lemon Tree Hotels Ltd,Active,A ,10.00,INE970X01018,Hotels,Equity,
541301,Orient Electric Limited,ORIENTELEC,Orient Electric Ltd,Active,A ,1.00,INE142Z01019,Consumer Electronics,Equity,
541336,IndoStar Capital Finance Limited,INDOSTAR,Indostar Capital Finance Ltd,Active,A ,10.00,INE896L01010,Finance (including NBFCs),Equity,
541403,Dollar Industries Limited,DOLLAR,Dollar Industries Ltd,Active,A ,2.00,INE325C01035,Other Apparels & Accessories,Equity,
541540,SOLARA ACTIVE PHARMA SCIENCES LIMITED,SOLARA,Solara Active Pharma Sciences Ltd,Active,A ,10.00,INE624Z01016,Pharmaceuticals,Equity,
541556,RITES Limited,RITES,RITES Ltd,Active,A ,10.00,INE320J01015,Construction & Engineering,Equity,
541557,Fine Organic Industries Limited,FINEORG,Fine Organic Industries Ltd,Active,A ,5.00,INE686Y01026,Specialty Chemicals,Equity,
541578,Varroc Engineering Limited,VARROC,Varroc Engineering Ltd,Active,A ,1.00,INE665L01035,Auto Parts & Equipment,Equity,
541700,TCNS Clothing Co. Limited,TCNSBRANDS,TCNS Clothing Co. Ltd,Active,A ,2.00,INE778U01029,Other Apparels & Accessories,Equity,
541729,HDFC Asset Management Company Limited,HDFCAMC,HDFC Asset Management Company Ltd,Active,A ,5.00,INE127D01025,Asset Management Cos.,Equity,
541770,CreditAccess Grameen Ltd.,CREDITACC,CreditAccess Grameen Ltd,Active,A ,10.00,INE741K01010,Finance (including NBFCs),Equity,
541956,IRCON International Ltd,IRCON,IRCON International Ltd,Active,A ,2.00,INE962Y01021,Construction & Engineering,Equity,
541988,AAVAS Financiers Limited,AAVAS,AAVAS Financiers Ltd,Active,A ,10.00,INE216P01012,Housing Finance ,Equity,
542011,Garden Reach Shipbuilders & Engineers Limited,GRSE,Garden Reach Shipbuilders & Engineers Ltd,Active,A ,10.00,INE382Z01011,Commercial Vehicles,Equity,
542141,Techno Electric & Engineering Company Limited,TECHNOE,Techno Electric & Engineering Company Ltd,Active,A ,2.00,INE285K01026,Construction & Engineering,Equity,
542216,DALMIA BHARAT LIMITED,DALBHARAT,Dalmia Bharat Ltd,Active,A ,2.00,INE00R701025,Cement & Cement Products,Equity,
542333,RPSG VENTURES LIMITED,RPSGVENT,RPSG Ventures Ltd,Active,A ,10.00,INE425Y01011,IT Consulting & Software,Equity,
542337,Spencer's Retail Limited,SPENCER,Spencers Retail Ltd,Active,A ,5.00,INE020801028,Department Stores,Equity,
542399,Chalet Hotels Limited,CHALET,Chalet Hotels Ltd,Active,A ,10.00,INE427F01016,Hotels,Equity,
542484,Arvind Fashions Limited,ARVINDFASN,Arvind Fashions Ltd,Active,A ,4.00,INE955V01021,Other Apparels & Accessories,Equity,
542597,MSTC Limited,MSTC,MSTC Ltd,Active,A ,10.00,INE255X01014,Comm.Trading  & Distribution,Equity,
542649,Rail Vikas Nigam Limited,RVNL,Rail Vikas Nigam Ltd,Active,A ,10.00,INE415G01027,Construction & Engineering,Equity,
542650,Metropolis Healthcare Limited,METROPOLIS,Metropolis Healthcare Ltd,Active,A ,2.00,INE112L01020,Healthcare Services,Equity,
542651,KPIT Technologies Ltd,KPITTECH,KPIT Technologies Ltd,Active,A ,10.00,INE04I401011,IT Consulting & Software,Equity,
542652,Polycab India Limited,POLYCAB,Polycab India Ltd,Active,A ,10.00,INE455K01017,Other Elect.Equip./ Prod.,Equity,
542665,Neogen Chemicals Limited,NEOGEN,Neogen Chemicals Ltd,Active,A ,10.00,INE136S01016,Specialty Chemicals,Equity,
542726,IndiaMART InterMESH Limited,INDIAMART,IndiaMART InterMESH Ltd,Active,A ,10.00,INE933S01016,Internet Software & Services,Equity,
542759,Spandana Sphoorty Financial Limited,SPANDANA,Spandana Sphoorty Financial Ltd,Active,A ,10.00,INE572J01011,Finance (including NBFCs),Equity,
542760,Sterling and Wilson Solar Limited,SWSOLAR,Sterling and Wilson Solar Ltd,Active,A ,1.00,INE00M201021,Heavy Electrical Equipment,Equity,
542772,IIFL Wealth Management Limited,IIFLWAM,IIFL Wealth Management Ltd,Active,A ,2.00,INE466L01020,Other Financial Services,Equity,
542773,IIFL Securities Limited,IIFLSEC,IIFL Securities Ltd,Active,A ,2.00,INE489L01022,Other Financial Services,Equity,
542812,Gujarat Fluorochemicals Limited,FLUOROCHEM,Gujarat Fluorochemicals Ltd,Active,A ,1.00,INE09N301011,Specialty Chemicals,Equity,
542830,Indian Railway Catering & Tourism Corporation Ltd,IRCTC,Indian Railway Catering and Tourism Corporation Ltd,Active,A ,10.00,INE335Y01012,Travel Support Services,Equity,
542867,CSB Bank Limited,CSBBANK,CSB Bank Ltd,Active,A ,10.00,INE679A01013,Banks,Equity,
542904,Ujjivan Small Finance Bank Limited,UJJIVANSFB,Ujjivan Small Finance Bank Ltd,Active,A ,10.00,INE551W01018,Banks,Equity,
542907,Prince Pipes and Fittings Limited,PRINCEPIPE,Prince Pipes and Fittings Ltd,Active,A ,10.00,INE689W01016,Plastic Products,Equity,
542920,SUMITOMO CHEMICAL INDIA LIMITED,SUMICHEM,Sumitomo Chemical India Ltd,Active,A ,10.00,INE258G01013,Agrochemicals,Equity,
543064,SUVEN PHARMACEUTICALS LIMITED,SUVENPHAR,Suven Pharmaceuticals Ltd,Active,A ,1.00,INE03QK01018,Pharmaceuticals,Equity,
543066,SBI CARDS AND PAYMENT SERVICES LIMITED,SBICARD,SBI Cards and Payment Services Ltd,Active,A ,10.00,INE018E01016,Finance (including NBFCs),Equity,
543187,ABB Power Products and Systems India Limited,POWERINDIA,ABB Power Products and Systems India Ltd,Active,A ,2.00,INE07Y701011,Heavy Electrical Equipment,Equity,
570001,Tata Motors Ltd.,TATAMTRDVR,Tata Motors  Ltd - DVR,Active,A ,2.00,IN9155A01020,Commercial Vehicles,Equity,